Id,BBPB,BBW,CBSP,CLSP,CUSP,IIN,TC,V,PCP,CP
20,0.799,0.0153,83,17,0,5,97,48,-0.05,13699900
21,0.8578,0.0158,0,22,78,5,125,192,0.16,13721200
22,0.8212,0.0162,1,0,99,5,78,54,0,13721300
23,0.7418,0.0162,49,2,49,5,59,80,-0.09,13709400
24,0.7595,0.0158,41,50,9,5,50,63,0.07,13719000
25,0.7721,0.0151,21,60,19,5,64,45,0.06,13726800
26,0.8071,0.0146,100,0,0,5,33,7,0.09,13739500
27,0.4959,0.0135,50,0,49,5,116,23,-0.42,13681800
28,0.5409,0.0111,41,1,58,5,35,8,0.1,13695100
29,0.6323,0.0091,47,2,50,5,32,26,0.12,13711300
30,0.6177,0.0082,32,5,63,5,61,35,0,13711900
31,0.4081,0.0079,100,0,0,5,55,17,-0.16,13690100
32,0.3792,0.0071,1,32,68,5,90,19,0,13690500
33,0.0545,0.0061,42,15,43,5,101,23,-0.17,13666700
34,0.0738,0.0065,76,24,0,5,36,15,-0.01,13664900
35,0.0794,0.0067,19,35,45,5,48,11,-0.01,13663700
36,0.0602,0.0069,18,77,5,5,76,33,-0.03,13660100
37,-0.0062,0.0076,76,2,22,5,29,11,-0.11,13644900
38,0.2229,0.0075,58,1,41,5,64,24,0.15,13665900
39,0.1195,0.008,47,12,40,5,26,10,-0.12,13650000
40,0.0533,0.0088,22,44,34,5,100,30,-0.11,13634900
41,-0.009,0.0096,56,4,40,5,62,41,-0.14,13616400
42,-0.0753,0.0109,44,23,32,5,75,34,-0.19,13591000
43,-0.0476,0.0123,26,32,43,5,58,10,-0.1,13577700
44,0.2073,0.0124,63,13,24,5,28,13,0.28,13615500
45,0.104,0.0125,62,8,30,5,50,48,-0.18,13590500
46,0.1901,0.0117,12,23,65,5,44,11,0.08,13601600
47,0.298,0.0118,5,59,36,5,39,19,0.1,13615500
48,0.318,0.0115,10,89,1,5,31,13,0,13615400
49,0.0915,0.0114,95,5,0,5,56,37,-0.31,13573600
50,0.0643,0.0112,28,4,69,5,50,18,-0.08,13563400
51,0.1348,0.011,14,40,46,5,71,23,0.04,13568700
52,0.1266,0.0107,50,35,14,5,48,26,-0.04,13562700
53,0.1469,0.0108,56,30,15,5,37,113,-0.02,13560100
54,0.1287,0.0108,38,24,38,5,60,94,-0.06,13551600
55,0.0891,0.0109,2,55,43,5,108,112,-0.09,13539100
56,0.1863,0.0106,31,60,8,5,59,26,0.08,13549400
57,0.0669,0.0109,78,14,8,5,60,13,-0.19,13524300
58,0.2258,0.0099,19,60,21,5,48,33,0.16,13545600
59,0.0966,0.0094,99,1,0,5,77,64,-0.16,13524500
60,0.1697,0.009,18,0,82,5,67,38,0.05,13530700
61,0.3142,0.0085,57,0,43,5,27,10,0.11,13545800
62,0.4409,0.0084,23,74,3,5,67,20,0.1,13559000
63,0.2747,0.0086,58,3,39,5,46,41,-0.16,13537600
64,0.4587,0.0078,3,84,13,5,45,20,0.14,13556400
65,0.2547,0.0077,73,27,0,5,31,12,-0.18,13532100
66,0.2054,0.0074,25,0,75,5,84,16,-0.06,13524300
67,0.0412,0.0068,67,33,0,5,183,95,-0.13,13506300
68,-0.0112,0.0057,19,61,21,5,70,40,-0.02,13503200
69,0.031,0.0059,26,65,9,5,80,27,-0.01,13501700
70,0.0303,0.0063,62,1,38,5,61,144,-0.04,13495800
71,0.0184,0.0066,67,23,10,5,41,69,-0.05,13489000
72,0.1661,0.0066,7,92,1,5,52,26,0.07,13499100
73,0.0217,0.0069,28,0,72,5,45,9,-0.14,13480000
74,0.0951,0.0072,9,54,38,5,106,112,0.01,13481900
75,0.128,0.0075,55,29,16,5,70,14,-0.01,13480400
76,-0.0445,0.0084,95,0,5,5,51,22,-0.21,13451900
77,0.1129,0.0089,45,0,55,5,36,10,0.09,13463800
78,0.3232,0.0087,25,57,17,5,65,30,0.17,13486700
79,0.3231,0.0088,10,28,62,5,97,18,-0.02,13484600
80,0.12,0.0092,64,36,0,5,131,53,-0.22,13454700
81,0.0681,0.0094,81,19,0,5,141,77,-0.1,13441500
82,0.07,0.0092,25,1,74,5,50,23,-0.03,13437200
83,0.1196,0.0092,41,8,51,5,46,45,0.01,13438400
84,0.2221,0.0081,76,8,16,5,69,152,0.09,13449900
85,0.2611,0.0074,99,0,1,5,61,129,0.02,13452200
86,0.1356,0.0071,99,0,1,5,64,15,-0.11,13437000
87,0.1759,0.007,19,6,76,5,98,36,0.01,13437800
88,0.5246,0.0066,97,0,3,5,59,58,0.23,13468800
89,0.239,0.0063,65,4,31,5,34,21,-0.2,13441400
90,0.5522,0.0059,97,0,3,5,25,6,0.19,13466300
91,0.6006,0.0057,50,49,0,5,111,94,0.02,13468800
92,0.6138,0.0051,6,92,2,5,73,25,-0.01,13467300
93,0.5325,0.0049,23,74,4,5,60,25,-0.05,13460700
94,0.5407,0.0046,4,0,96,5,60,65,-0.01,13460000
95,0.4131,0.0044,98,1,1,5,26,25,-0.07,13450900
96,0.6699,0.0044,6,88,6,5,81,44,0.12,13466800
97,0.6632,0.0044,34,66,0,5,36,44,0,13466600
98,0.9945,0.0044,71,6,23,5,106,54,0.15,13486200
99,0.8819,0.0043,51,37,12,5,88,20,-0.06,13478400
100,0.6555,0.0043,45,12,43,5,71,10,-0.09,13466100
101,0.7124,0.0042,13,39,48,5,81,50,0.03,13470700
102,1.1866,0.0051,98,0,2,5,113,61,0.29,13509600
103,0.6459,0.0049,97,0,3,5,63,28,-0.27,13473600
104,0.5644,0.0048,12,2,86,5,59,20,-0.03,13469100
105,0.5418,0.0047,77,0,23,5,34,9,-0.01,13468400
106,0.5418,0.0043,58,42,0,5,105,42,0.01,13469800
107,0.5199,0.0038,78,20,1,5,43,70,0,13470000
108,0.1831,0.004,28,29,43,5,117,55,-0.14,13451000
109,-0.1483,0.0044,45,38,18,5,93,42,-0.17,13428700
110,0.2743,0.0045,61,38,0,5,92,44,0.18,13453000
111,-0.1848,0.0058,100,0,0,5,94,58,-0.32,13410100
112,0.1311,0.0062,42,47,12,5,113,76,0.16,13431300
113,0.1111,0.0066,9,72,19,5,38,28,-0.04,13425600
114,0.4107,0.0067,54,0,45,5,69,23,0.2,13451900
115,0.5068,0.0066,55,0,45,5,25,14,0.07,13461000
116,0.3409,0.0067,11,5,84,5,35,29,-0.12,13445000
117,0.5654,0.0067,42,0,58,5,51,12,0.15,13465100
118,0.6083,0.0064,72,0,28,5,94,76,0.02,13467700
119,0.5777,0.0063,20,40,39,5,54,28,-0.03,13464200
120,0.6788,0.0064,54,20,25,5,31,12,0.07,13473300
121,0.6485,0.0064,50,39,11,5,28,8,-0.02,13470700
122,0.4346,0.0053,9,2,89,5,36,26,-0.15,13450300
123,0.1754,0.0054,100,0,0,5,64,26,-0.16,13429100
124,0.7328,0.0054,99,0,1,5,54,37,0.3,13469800
125,0.3299,0.0054,54,2,44,5,70,100,-0.23,13439000
126,0.4871,0.0052,39,4,57,5,20,5,0.08,13449400
127,0.428,0.0051,18,18,64,5,37,6,-0.04,13444100
128,0.5568,0.0051,27,0,73,5,49,15,0.07,13453000
129,0.4843,0.0049,20,30,50,5,35,22,-0.03,13449100
130,0.6548,0.0049,64,28,8,5,72,21,0.09,13460800
131,0.5663,0.0041,3,32,65,5,63,33,-0.03,13456500
132,0.4856,0.0038,58,10,32,5,42,38,-0.02,13453200
133,0.3636,0.0033,12,4,84,5,30,5,-0.03,13449000
134,0.7586,0.0034,66,12,22,5,21,23,0.14,13467800
135,1.0209,0.0039,44,56,0,5,52,14,0.12,13484200
136,1.0567,0.0044,44,55,0,5,15,1,0.06,13492400
137,0.9737,0.0049,0,100,0,5,36,5,0,13491800
138,0.7762,0.005,31,69,0,5,18,13,-0.09,13480000
139,0.3984,0.005,21,0,79,5,16,19,-0.19,13454000
140,0.7729,0.0051,22,78,0,5,4,0,0.19,13480000
141,0.4153,0.0051,79,1,20,5,59,26,-0.19,13454600
142,0.7971,0.0052,55,40,5,5,24,12,0.21,13483000
143,0.7333,0.0048,10,87,2,5,57,74,-0.02,13479800
144,0.6994,0.0049,6,93,0,5,45,17,-0.01,13478200
145,0.4391,0.0046,84,4,12,5,34,11,-0.12,13462400
146,0.6776,0.0045,4,95,1,5,40,66,0.12,13478400
147,0.6613,0.0043,3,68,28,5,55,312,0,13478600
148,0.5684,0.0041,32,15,53,5,38,46,-0.03,13474200
149,0.7589,0.004,52,48,0,5,57,194,0.09,13486100
150,0.8445,0.0041,86,14,0,5,71,52,0.05,13492900
151,1.1509,0.0049,72,28,0,5,72,74,0.2,13520000
152,0.8953,0.005,61,39,0,5,29,49,-0.1,13506100
153,1.1865,0.0058,100,0,0,5,64,66,0.23,13537700
154,0.8397,0.006,34,3,63,5,17,18,-0.18,13513800
155,0.9575,0.0066,41,5,54,5,51,15,0.11,13529300
156,0.8707,0.007,18,21,60,5,36,12,-0.03,13525300
157,0.7853,0.0072,84,16,0,5,27,5,-0.04,13519600
158,0.7456,0.0074,6,10,84,5,60,14,-0.01,13518100
159,0.6747,0.007,31,21,49,5,51,11,-0.04,13513000
160,0.9954,0.0077,85,14,1,5,120,25,0.29,13551800
161,0.943,0.0077,3,97,0,5,9,3,0,13551300
162,0.9294,0.0083,31,69,0,5,56,21,0.04,13556600
163,0.7297,0.0082,99,1,1,5,46,65,-0.14,13537000
164,0.6965,0.008,12,88,0,5,40,161,-0.01,13535700
165,0.6787,0.0073,0,36,64,5,66,14,0,13535700
166,0.5873,0.0068,28,14,59,5,27,22,-0.05,13528600
167,0.6021,0.0062,57,43,0,5,26,9,0.02,13531800
168,0.7179,0.0053,90,9,1,5,55,15,0.08,13542400
169,0.6236,0.0046,24,76,0,5,52,16,-0.04,13536900
170,0.6948,0.004,100,0,0,5,32,6,0.04,13542100
171,0.6755,0.0039,9,91,0,5,51,19,0,13542100
172,0.5731,0.0035,32,67,1,5,57,28,-0.03,13537800
173,0.0379,0.0039,56,17,28,5,86,68,-0.21,13508700
174,0.5657,0.0037,62,13,24,5,49,37,0.21,13537300
175,0.836,0.0038,24,76,0,5,63,45,0.11,13552600
176,0.9076,0.0041,95,4,0,5,74,57,0.05,13559300
177,0.8791,0.0041,19,80,1,5,53,17,0.01,13560200
178,0.8898,0.0042,34,56,10,5,28,10,0.02,13563200
179,0.7906,0.0038,12,48,40,5,92,56,-0.03,13558600
180,0.9984,0.0043,5,88,8,5,32,4,0.11,13573400
181,1.1496,0.0053,65,34,1,5,91,50,0.15,13593200
182,1.0191,0.006,7,22,71,5,109,23,-0.02,13590300
183,0.9889,0.0066,14,0,86,5,74,21,0.04,13595100
184,1.0434,0.0075,66,33,1,5,52,10,0.11,13610500
185,0.9222,0.008,16,75,9,5,28,36,-0.04,13604500
186,0.6998,0.0079,8,51,41,5,77,61,-0.16,13582600
187,0.4592,0.0077,76,0,24,5,60,25,-0.18,13558200
188,0.2568,0.0078,52,0,48,5,47,27,-0.16,13536600
189,0.2813,0.0077,9,20,71,5,38,31,0.02,13539400
190,0.2231,0.0079,27,60,13,5,76,53,-0.05,13532300
191,0.2412,0.008,27,22,51,5,67,64,0.01,13533400
192,0.0007,0.0088,42,0,58,5,50,85,-0.25,13500000
193,0.139,0.0086,32,41,27,5,54,32,0.13,13518000
194,0.0789,0.0091,20,12,69,5,90,49,-0.09,13506200
195,0.1938,0.0095,31,0,69,5,113,40,0.08,13517100
196,0.187,0.0099,75,15,11,5,118,33,-0.04,13512100
197,0.2187,0.0103,7,5,88,5,43,14,0,13512700
198,0.2772,0.0105,22,51,27,5,44,14,0.04,13518000
199,0.2955,0.0106,99,0,1,5,81,45,0,13518100
200,0.18,0.011,70,11,19,5,46,13,-0.16,13496100
201,0.2693,0.0107,29,27,44,5,74,17,0.07,13505900
202,0.2528,0.0104,20,37,43,5,51,22,-0.04,13500000
203,0.13,0.0102,58,0,42,5,42,13,-0.16,13478000
204,0.3769,0.0086,52,47,1,5,54,36,0.23,13509600
205,0.2562,0.0068,53,45,2,5,32,11,-0.1,13496000
206,0.0935,0.0057,37,1,62,5,61,18,-0.1,13482300
207,0.0132,0.0054,29,71,0,5,139,30,-0.06,13474000
208,0.0546,0.0055,4,93,3,5,94,48,-0.01,13472900
209,-0.0114,0.0057,86,1,14,5,48,25,-0.07,13462900
210,0.133,0.0057,0,100,0,5,73,24,0.06,13471200
211,0.2425,0.0053,23,0,77,5,84,79,0.05,13478000
212,0.1853,0.0055,23,0,77,5,59,57,-0.05,13471500
213,0.0082,0.006,100,0,0,5,86,37,-0.14,13452200
214,0.5242,0.0059,52,0,48,5,90,40,0.3,13493000
215,0.7666,0.0058,64,36,0,5,49,28,0.14,13511600
216,0.3142,0.0057,71,18,11,5,78,22,-0.27,13474700
217,0.1434,0.0058,10,49,41,5,133,29,-0.12,13458500
218,0.169,0.0056,2,98,0,5,75,32,0,13458200
219,-0.0864,0.006,22,44,34,5,169,53,-0.2,13431200
220,-0.1499,0.0074,30,37,33,5,144,54,-0.16,13410000
221,-0.118,0.0086,22,50,28,5,197,71,-0.09,13397800
222,-0.059,0.0097,27,42,31,5,81,97,-0.05,13390800
223,-0.0066,0.0109,25,75,0,5,105,108,-0.04,13384800
224,-0.0305,0.0118,98,1,1,5,105,151,-0.13,13367500
225,0.0503,0.0126,27,47,26,5,125,146,0.02,13369600
226,0.0009,0.0139,61,17,23,5,270,65,-0.18,13345800
227,-0.063,0.016,69,19,12,5,338,79,-0.27,13309900
228,-0.1869,0.0202,86,2,12,5,475,145,-0.59,13232000
229,-0.0218,0.0228,28,26,46,5,490,316,0.12,13248200
230,0.0258,0.0249,14,58,28,5,338,75,-0.08,13238000
231,0.0239,0.027,88,12,0,5,113,18,-0.21,13210800
232,0.1425,0.0279,71,29,0,5,252,122,0.21,13237900
233,0.1,0.0294,27,21,52,5,125,130,-0.27,13201600
234,0.1682,0.0293,22,22,56,5,80,12,0.1,13214900
235,0.1668,0.0284,12,65,23,5,363,49,-0.09,13203300
236,0.108,0.0285,12,3,85,5,130,32,-0.29,13165200
237,0.1373,0.0283,71,0,29,5,120,43,-0.02,13162400
238,0.1164,0.0279,49,0,51,5,108,14,-0.16,13140900
239,0.1056,0.0279,26,29,46,5,522,140,-0.15,13121700
240,-0.1438,0.0324,86,5,9,5,906,222,-1.16,12969300
241,-0.1396,0.0379,77,0,23,5,724,224,-0.53,12900100
242,-0.1007,0.0433,62,14,24,5,667,159,-0.38,12850800
243,0.1022,0.0443,65,23,11,5,406,211,0.69,12939300
244,0.1085,0.0452,65,26,9,5,156,30,-0.18,12916000
245,0.1151,0.0456,40,21,39,5,247,113,-0.16,12895000
246,0.1433,0.0454,14,3,83,5,85,25,-0.04,12890000
247,0.2651,0.0442,76,22,2,5,191,127,0.45,12948600
248,0.3013,0.0437,49,27,24,5,119,34,0.07,12957100
249,0.2155,0.0434,72,20,8,5,175,62,-0.51,12891400
250,0.2487,0.0426,11,24,65,5,150,112,0.03,12895900
251,0.2375,0.0421,43,1,56,5,126,54,-0.16,12874900
252,0.259,0.0402,1,64,35,5,43,8,0,12874600
253,0.3338,0.0381,76,24,0,5,134,83,0.22,12903400
254,0.3011,0.0352,68,4,29,5,76,30,-0.2,12878200
255,0.2699,0.0318,43,13,43,5,110,108,-0.17,12856900
256,0.3824,0.0281,64,7,29,5,89,146,0.3,12895300
257,0.4551,0.0232,12,65,23,5,102,252,0.13,12912100
258,0.5179,0.0175,11,89,0,5,102,60,0.05,12918500
259,0.6123,0.0095,2,73,25,5,106,68,0,12918100
260,0.6847,0.0085,16,46,38,5,78,76,0.03,12922100
261,0.4098,0.0085,57,36,8,5,124,106,-0.24,12891600
262,0.2561,0.0079,26,47,27,5,85,45,-0.11,12878000
263,1.0658,0.0087,74,7,19,5,247,153,0.7,12968000
264,1.0331,0.01,21,21,58,5,111,45,0.06,12975800
265,0.6447,0.01,96,4,0,5,61,54,-0.37,12927600
266,0.5689,0.0099,17,42,41,5,67,24,-0.06,12919200
267,0.1681,0.01,76,24,0,5,115,61,-0.43,12863100
268,0.1445,0.0099,23,77,0,5,249,86,-0.06,12855600
269,0.1366,0.0105,0,37,63,5,150,91,-0.05,12849800
270,0.0837,0.0113,34,11,55,5,164,97,-0.12,12835000
271,0.1473,0.0119,23,17,60,5,97,59,0.04,12840100
272,0.1721,0.0124,1,0,99,5,154,247,0,12840100
273,0.0911,0.0133,59,41,0,5,299,115,-0.17,12817900
274,0.0453,0.0147,9,38,53,5,316,155,-0.15,12798300
275,0.0106,0.0163,26,3,71,5,251,61,-0.16,12777700
276,0.008,0.0182,96,4,1,5,86,10,-0.15,12758100
277,0.2507,0.0185,34,50,16,5,111,74,0.4,12808900
278,0.2393,0.0187,21,79,0,5,113,47,-0.07,12799600
279,0.2244,0.0189,38,0,62,5,115,41,-0.08,12788900
280,0.4022,0.0183,40,12,48,5,187,87,0.31,12828000
281,0.4546,0.0181,21,46,33,5,143,70,0.08,12837800
282,0.5968,0.0181,91,0,9,5,103,13,0.25,12870500
283,0.7871,0.0165,64,36,0,5,107,25,0.27,12905800
284,0.678,0.0138,100,0,0,5,57,34,-0.27,12871200
285,0.7699,0.0127,23,17,60,5,82,58,0.08,12881300
286,0.6585,0.0114,58,6,36,5,80,20,-0.19,12857400
287,0.5579,0.0112,40,0,60,5,83,26,-0.12,12841500
288,0.7563,0.0114,53,20,27,5,119,60,0.23,12871500
289,0.6565,0.0115,95,1,4,5,76,31,-0.11,12857400
290,0.572,0.0115,34,0,66,5,47,20,-0.09,12845500
291,0.6952,0.0117,27,34,40,5,143,54,0.15,12865400
292,0.5099,0.0117,72,0,28,5,53,17,-0.22,12837500
293,0.6269,0.0117,20,80,0,5,41,103,0.15,12857000
294,0.5713,0.0114,26,38,36,5,20,9,-0.05,12851000
295,0.6372,0.0105,77,18,5,5,60,32,0.1,12863400
296,0.5821,0.0085,17,71,12,5,38,27,-0.03,12858900
297,0.4807,0.008,60,40,0,5,90,144,-0.07,12850000
298,0.4682,0.0071,22,78,0,5,97,40,0.01,12851700
299,0.1633,0.0055,56,35,10,5,77,22,-0.15,12832800
300,0.4,0.0052,56,34,11,5,90,47,0.14,12851300
301,0.3481,0.005,76,16,8,5,57,15,-0.02,12848700
302,0.212,0.0051,38,62,0,5,70,37,-0.08,12837900
303,-0.0589,0.0044,75,16,9,5,60,91,-0.13,12821300
304,-0.089,0.0049,72,28,0,5,68,186,-0.07,12812300
305,-0.0183,0.005,3,2,95,5,87,46,0.01,12813000
306,-0.1191,0.006,98,1,1,5,84,78,-0.14,12795500
307,-0.0065,0.0068,13,3,84,5,87,20,0.01,12796900
308,-0.1389,0.0079,80,2,17,5,139,63,-0.2,12771000
309,0.0347,0.0086,28,37,36,5,134,104,0.08,12780800
310,-0.0903,0.0102,37,45,18,5,309,114,-0.24,12750400
311,-0.1519,0.0122,19,1,80,5,325,59,-0.26,12717800
312,0.0717,0.0132,77,8,15,5,138,84,0.2,12742600
313,0.102,0.0138,11,30,59,5,82,33,-0.03,12738700
314,0.0417,0.0149,100,0,0,5,87,46,-0.19,12715000
315,0.0331,0.0158,54,0,46,5,204,38,-0.12,12700000
316,0.0434,0.0166,22,58,20,5,463,195,-0.09,12688700
317,0.4729,0.016,78,21,2,5,338,169,0.69,12776600
318,0.5518,0.0152,58,0,42,5,181,38,0.1,12789100
319,0.8982,0.0158,44,20,37,5,211,90,0.56,12860900
320,1.0251,0.0171,58,3,40,5,130,158,0.28,12897400
321,0.8963,0.0176,37,43,20,5,87,53,-0.19,12873200
322,0.8142,0.0179,35,25,40,5,110,57,-0.13,12857000
323,0.9383,0.0194,100,0,0,5,88,24,0.31,12897400
324,0.7709,0.0199,48,1,51,5,83,126,-0.29,12860200
325,0.7965,0.0206,36,44,20,5,70,52,0.09,12872400
326,0.8045,0.0215,16,38,46,5,94,37,0.08,12882200
327,0.7995,0.0224,52,34,15,5,110,18,0.05,12888700
328,0.6504,0.0224,39,8,53,5,67,24,-0.3,12850200
329,0.6381,0.0225,72,0,27,5,49,14,0,12850300
330,0.6124,0.0222,91,6,4,5,45,33,-0.02,12847300
331,0.6567,0.0213,79,5,16,5,76,40,0.14,12865500
332,0.647,0.0207,63,35,2,5,36,8,0.02,12868000
333,0.5429,0.0197,69,0,31,5,133,170,-0.18,12845100
334,0.5199,0.0177,1,0,99,5,152,72,0,12845300
335,0.5304,0.0146,69,2,29,5,74,39,0.07,12854200
336,0.4176,0.0091,7,0,93,5,46,40,-0.06,12846700
337,0.3912,0.0072,56,26,18,5,75,87,0.03,12850000
338,0.2385,0.0053,100,0,0,5,86,29,-0.04,12845200
339,0.2551,0.0054,81,0,19,5,87,115,0,12845100
340,0.2723,0.0049,1,0,99,5,55,32,0,12845200
341,0.2941,0.0049,0,0,100,5,46,15,0,12845200
342,0.2496,0.005,42,58,0,5,37,96,-0.03,12841200
343,0.0085,0.0046,42,25,33,5,65,49,-0.13,12824700
344,0.0351,0.005,14,85,1,5,39,15,-0.02,12821600
345,-0.0058,0.0054,1,74,25,5,53,22,-0.06,12813400
346,0.0847,0.0053,36,44,20,5,89,50,0.03,12817300
347,-0.2282,0.0058,100,0,0,5,68,17,-0.24,12786400
348,0.087,0.0062,59,0,41,5,33,9,0.15,12805300
349,-0.0039,0.0069,42,2,56,5,64,25,-0.12,12790400
350,0.0851,0.0074,4,19,77,5,163,60,0.02,12792900
351,0.4423,0.0071,66,4,30,5,90,14,0.25,12825200
352,0.3821,0.0066,26,0,73,5,80,25,-0.06,12818000
353,0.3911,0.0065,100,0,0,5,38,29,0,12817500
354,0.3274,0.0064,53,13,34,5,50,23,-0.05,12810600
355,0.5213,0.0061,56,38,6,5,76,47,0.11,12825000
356,0.4048,0.0059,37,58,6,5,80,15,-0.08,12814600
357,0.372,0.0055,18,0,82,5,68,76,-0.03,12810700
358,0.4033,0.0052,2,48,50,5,85,41,0.01,12811600
359,0.423,0.0049,94,0,6,5,94,53,0,12811600
360,0.5817,0.0044,24,1,76,5,86,71,0.06,12819800
361,0.6628,0.0039,8,0,92,5,48,13,0.02,12822200
362,0.6638,0.0035,10,11,80,5,113,40,-0.02,12820200
363,-0.3344,0.0052,88,8,4,5,194,191,-0.52,12753700
364,0.3617,0.0052,30,52,18,5,95,38,0.36,12799100
365,1.0168,0.0059,91,9,0,5,126,82,0.39,12848900
366,0.4712,0.0058,81,4,15,5,68,22,-0.32,12807400
367,0.5637,0.0056,29,71,0,5,62,41,0.06,12815600
368,0.5342,0.0056,65,0,35,5,44,24,-0.01,12813900
369,0.4814,0.0054,22,0,78,5,33,3,-0.02,12811200
370,0.5254,0.0052,10,2,89,5,78,66,0.03,12815300
371,0.609,0.0052,19,0,81,5,68,103,0.04,12820600
372,0.8468,0.0054,11,77,11,5,70,29,0.14,12838600
373,0.6347,0.0055,53,0,47,5,75,73,-0.11,12824200
374,0.8999,0.0059,85,3,12,5,53,53,0.18,12846700
375,0.4886,0.0059,31,0,69,5,106,56,-0.25,12815200
376,0.3775,0.0059,15,64,20,5,74,69,-0.07,12806400
377,0.5817,0.0059,95,0,5,5,63,110,0.12,12822400
378,0.2012,0.0061,83,14,3,5,58,25,-0.24,12791800
379,0.9048,0.0066,52,25,23,5,105,46,0.47,12851400
380,0.9586,0.0073,43,37,20,5,109,24,0.08,12862000
381,0.6667,0.0073,72,28,0,5,84,22,-0.2,12835700
382,0.3756,0.0074,72,0,28,5,80,64,-0.22,12807600
383,0.2914,0.0058,5,18,77,5,34,21,-0.01,12806500
384,0.1931,0.0058,22,48,30,5,51,11,-0.06,12799200
385,0.2272,0.0057,1,0,99,5,35,34,0,12799800
386,0.2168,0.0058,8,1,91,5,41,116,-0.01,12798100
387,0.2376,0.006,46,1,53,5,48,43,0,12798200
388,0.0009,0.0067,63,0,36,5,44,12,-0.19,12773400
389,0.2839,0.0068,12,87,2,5,42,9,0.18,12796600
390,0.2614,0.007,7,63,29,5,39,6,-0.03,12793000
391,0.3781,0.007,20,0,80,5,52,11,0.07,12802500
392,0.7414,0.007,96,2,2,5,39,8,0.25,12834800
393,0.7033,0.007,4,96,0,5,36,8,-0.02,12832000
394,1.0472,0.0077,85,0,15,5,72,46,0.28,12868500
395,0.1207,0.0082,98,2,0,5,86,44,-0.74,12772900
396,0.408,0.0082,53,0,47,5,47,38,0.23,12802800
397,0.5169,0.0082,32,62,6,5,47,12,0.09,12813800
398,0.2275,0.0083,54,0,46,5,27,14,-0.24,12782600
399,0.2581,0.008,3,0,97,5,57,33,0.01,12783400
400,0.628,0.0071,23,40,38,5,31,20,0.27,12817500
401,0.6122,0.0068,9,91,0,5,16,14,-0.02,12814600
402,0.5718,0.0068,15,85,0,5,25,5,-0.03,12811300
403,0.5394,0.0068,12,66,22,5,41,20,-0.02,12808600
404,0.3629,0.0068,68,32,0,5,13,2,-0.12,12792900
405,0.2263,0.007,71,0,29,5,52,21,-0.11,12779200
406,0.6708,0.0071,54,1,46,5,90,40,0.32,12820500
407,0.3834,0.0071,32,0,68,5,63,29,-0.21,12794100
408,0.3715,0.0068,20,22,58,5,45,8,0,12794600
409,0.4009,0.0068,48,52,0,5,17,3,0.02,12797200
410,0.0354,0.0075,24,57,19,5,106,84,-0.29,12759800
411,0.0121,0.0083,26,46,29,5,54,47,-0.08,12749400
412,0.1865,0.0084,56,28,15,5,42,29,0.12,12764500
413,0.0667,0.0087,39,0,61,5,14,8,-0.15,12745400
414,-0.0184,0.0078,30,70,0,5,55,67,-0.08,12735300
415,0.0391,0.0085,5,35,60,5,49,12,0,12734800
416,0.001,0.0095,97,3,0,5,25,28,-0.11,12720400
417,0.0851,0.01,24,49,27,5,49,17,0.03,12723700
418,0.0956,0.0107,17,83,0,5,115,73,-0.05,12717900
419,0.2089,0.0111,46,54,0,5,80,22,0.09,12729300
420,0.0723,0.0115,31,60,9,5,72,25,-0.21,12702000
421,0.499,0.0109,80,20,0,5,107,35,0.47,12762000
422,0.3534,0.0104,70,18,12,5,43,10,-0.18,12739000
423,0.1336,0.0104,100,0,0,5,29,10,-0.27,12704700
424,0.0249,0.0111,37,6,58,5,83,13,-0.19,12680300
425,0.123,0.0116,18,7,75,5,81,17,0.06,12687300
426,0.1407,0.0108,1,0,99,5,90,56,0,12687000
427,0.0744,0.0108,31,18,51,5,75,21,-0.12,12671600
428,0.073,0.0107,77,0,23,5,90,18,-0.04,12666000
429,0.1341,0.0098,47,41,12,5,137,17,0.05,12671900
430,0.1776,0.0098,39,36,24,5,50,9,0.01,12673200
431,0.1577,0.0099,28,72,0,5,37,9,-0.06,12665900
432,0.0395,0.01,27,29,44,5,62,17,-0.17,12644400
433,0.0142,0.0107,32,31,37,5,161,31,-0.1,12631500
434,0.0818,0.0112,48,52,1,5,69,26,0.01,12632900
435,0.0588,0.0118,22,37,41,5,171,80,-0.1,12620700
436,-0.0885,0.0137,89,11,0,5,215,48,-0.34,12577300
437,-0.0314,0.0153,99,1,0,5,157,41,-0.07,12569000
438,-0.1709,0.0189,81,0,19,5,293,41,-0.55,12500300
439,-0.2338,0.0247,72,3,25,5,591,146,-0.67,12416000
440,-0.1762,0.0311,43,35,22,5,445,149,-0.43,12362700
441,-0.0029,0.0333,22,70,7,5,463,131,0.29,12398600
442,0.056,0.0351,25,40,36,5,121,25,-0.01,12396800
443,0.0674,0.0372,12,88,0,5,135,54,-0.18,12373900
444,0.111,0.0391,10,14,75,5,67,30,-0.03,12370000
445,0.0828,0.0411,65,0,35,5,67,17,-0.34,12327600
446,0.2954,0.0405,66,7,27,5,188,47,0.8,12425900
447,0.3154,0.0398,46,50,4,5,122,21,0,12425600
448,0.3638,0.0386,37,63,0,5,92,18,0.12,12440500
449,0.3976,0.0368,74,24,2,5,84,49,0.06,12447900
450,0.2311,0.0356,85,2,13,5,163,109,-0.71,12360000
451,0.3154,0.0333,68,0,32,5,80,56,0.23,12388800
452,0.2957,0.0312,47,18,36,5,79,102,-0.13,12372500
453,0.406,0.0284,47,2,52,5,114,65,0.28,12407500
454,0.4656,0.0247,40,29,32,5,65,21,0.1,12419500
455,0.6119,0.0204,88,0,12,5,86,55,0.24,12449800
456,0.7343,0.0172,100,0,0,5,96,57,0.13,12466000
457,0.8772,0.0138,38,54,8,5,34,15,0.08,12476000
458,0.5572,0.0122,95,5,0,5,47,18,-0.48,12415700
459,1.2523,0.0168,83,3,15,5,252,102,1.26,12571700
460,1.157,0.0205,77,0,23,5,115,39,0.17,12593500
461,0.8838,0.0217,71,0,29,5,93,38,-0.45,12537100
462,0.9768,0.024,79,21,0,5,111,144,0.38,12585000
463,0.8985,0.0252,21,16,63,5,59,95,-0.06,12577800
464,0.8623,0.0259,60,0,40,5,40,79,0.02,12580200
465,0.8011,0.0248,44,28,28,5,93,91,-0.09,12568600
466,0.8675,0.026,80,20,0,5,69,164,0.28,12603800
467,0.813,0.0268,28,65,6,5,72,121,-0.05,12597700
468,0.7248,0.0271,3,10,87,5,63,61,-0.17,12575800
469,0.6424,0.027,69,22,9,5,105,58,-0.18,12553100
470,0.6251,0.025,5,0,95,5,57,72,0.01,12553800
471,0.5535,0.0232,71,0,28,5,98,107,-0.13,12537700
472,0.2483,0.021,93,7,0,5,155,152,-0.62,12460200
473,0.1943,0.0199,37,47,15,5,107,33,-0.06,12452400
474,0.114,0.0195,38,48,14,5,64,50,-0.14,12435100
475,0.1027,0.02,51,35,15,5,102,142,-0.05,12428900
476,0.0572,0.0213,59,0,41,5,142,70,-0.17,12407300
477,0.1264,0.0224,33,0,67,5,106,55,0.09,12418000
478,0.1284,0.0223,4,0,95,5,62,93,0.01,12419100
479,0.2748,0.0225,86,13,1,5,141,138,0.28,12453500
480,0.3792,0.0219,37,0,63,5,172,95,0.2,12478000
481,0.4442,0.0219,36,46,19,5,80,76,0.13,12493700
482,0.6326,0.0213,72,0,28,5,132,84,0.39,12542200
483,0.5692,0.0207,36,64,0,5,60,31,-0.16,12522000
484,0.4311,0.02,38,17,45,5,81,36,-0.32,12481900
485,0.4785,0.0194,25,5,70,5,28,13,0.06,12490000
486,0.4699,0.0176,57,0,43,5,60,55,-0.06,12482500
487,0.4868,0.0158,5,69,26,5,62,41,-0.01,12480700
488,0.4128,0.0143,37,62,0,5,96,54,-0.15,12462100
489,0.3214,0.0133,6,21,73,5,39,40,-0.16,12442400
490,0.3355,0.012,1,28,70,5,79,18,0,12441800
491,0.3418,0.0109,12,0,88,5,50,41,-0.01,12440000
492,0.3465,0.0111,22,1,76,5,47,27,0,12439400
493,0.4491,0.0111,4,96,0,5,49,26,0.11,12453600
494,0.719,0.0111,47,53,0,5,47,35,0.32,12493900
495,0.4348,0.0108,80,0,20,5,54,20,-0.3,12456100
496,0.4318,0.01,9,62,29,5,69,84,0.02,12459000
497,0.8567,0.0098,57,11,32,5,153,83,0.46,12516200
498,0.8296,0.0095,1,31,68,5,119,31,0,12516200
499,0.7424,0.0095,97,3,0,5,70,118,-0.06,12508900
500,0.861,0.0101,27,62,11,5,26,6,0.15,12528100
501,0.7778,0.0104,32,1,68,5,58,44,-0.06,12520000
502,0.9448,0.0104,49,51,0,5,46,24,0.17,12541600
503,0.912,0.0108,4,31,64,5,64,104,-0.01,12540400
504,0.8164,0.0113,42,0,58,5,83,150,-0.07,12531900
505,0.7596,0.0116,16,59,25,5,69,121,-0.04,12526800
506,0.7549,0.012,14,76,9,5,70,66,0.02,12529500
507,0.5344,0.0119,65,34,1,5,105,65,-0.26,12497400
508,0.5398,0.0117,43,0,57,5,52,26,0.02,12500000
509,0.5889,0.0111,2,88,10,5,78,68,0.08,12509900
510,0.5347,0.0104,26,60,14,5,57,32,-0.04,12505200
511,0.3748,0.0094,95,5,0,5,41,44,-0.13,12488400
512,0.5865,0.0082,48,0,52,5,62,34,0.22,12515800
513,0.5711,0.0072,49,0,51,5,24,5,0.01,12516500
514,0.7203,0.0073,12,83,5,5,27,10,0.12,12532000
515,0.5173,0.006,41,33,26,5,44,28,-0.13,12516300
516,0.656,0.0044,35,54,10,5,42,10,0.09,12527000
517,0.1485,0.0046,31,0,69,5,24,14,-0.24,12497000
518,-0.0846,0.0055,86,0,14,5,48,23,-0.18,12475100
519,0.0508,0.006,99,1,0,5,51,25,0.04,12480100
520,-0.2251,0.0079,67,33,0,5,123,293,-0.34,12437300
521,-0.2363,0.0107,59,41,0,5,134,56,-0.26,12404800
522,-0.1066,0.0125,10,90,0,5,120,61,-0.02,12402000
523,-0.1474,0.015,40,15,45,5,97,23,-0.29,12366600
524,-0.014,0.0166,31,42,27,5,89,40,0.05,12373300
525,0.0253,0.0181,37,63,0,5,72,99,-0.07,12364800
526,0.0969,0.019,17,81,3,5,112,44,0.03,12368700
527,0.0729,0.0204,17,62,21,5,100,41,-0.17,12347700
528,0.2505,0.0207,37,21,42,5,166,126,0.31,12386300
529,0.2977,0.0206,34,1,65,5,35,7,0.05,12392900
530,0.3788,0.0203,40,6,54,5,98,45,0.13,12409500
531,0.6228,0.0201,97,0,3,5,66,22,0.49,12469900
532,0.6248,0.0194,7,52,41,5,72,30,-0.02,12466900
533,0.7072,0.0189,41,0,59,5,160,39,0.13,12483700
534,0.7629,0.018,20,47,33,5,106,28,0.07,12491900
535,0.8081,0.0176,18,37,45,5,173,64,0.06,12499800
536,0.8437,0.0171,6,18,76,5,68,18,0.03,12504000
537,0.8811,0.0175,14,59,27,5,82,68,0.09,12514700
538,0.7413,0.0176,83,0,17,5,96,110,-0.23,12485300
539,0.715,0.0176,54,10,37,5,81,30,-0.05,12479500
540,0.7499,0.0181,34,58,8,5,52,11,0.09,12491300
541,0.6894,0.0182,56,17,27,5,60,50,-0.08,12481900
542,0.6103,0.0181,100,0,0,5,51,10,-0.12,12467100
543,0.6162,0.0173,40,1,60,5,72,50,0.04,12472600
544,0.5595,0.0164,99,0,1,5,71,36,-0.07,12464300
545,0.4932,0.0151,24,6,70,5,69,23,-0.07,12455400
546,0.4385,0.0136,13,87,0,5,65,39,-0.04,12450300
547,0.5373,0.0108,34,23,43,5,130,75,0.17,12472000
548,0.7455,0.0093,4,47,49,5,84,41,0.23,12501100
549,0.8765,0.0076,25,61,14,5,67,26,0.11,12514700
550,0.8813,0.0061,13,86,0,5,85,19,-0.01,12512900
551,0.7556,0.0062,3,71,26,5,94,27,-0.06,12505400
552,0.8129,0.0063,68,31,1,5,58,95,0.06,12512500
553,0.0265,0.0069,65,35,0,5,161,64,-0.54,12445000
554,0.3175,0.007,74,13,12,5,94,82,0.19,12468900
555,0.423,0.007,49,0,51,5,57,61,0.07,12477100
556,0.3512,0.0069,59,10,31,5,61,31,-0.06,12469300
557,1.2233,0.0086,63,21,16,5,184,100,0.75,12562200
558,1.0889,0.0102,2,39,60,5,74,12,0.01,12563600
559,1.0288,0.0117,30,3,66,5,57,52,0.05,12570000
560,1.0366,0.0134,88,0,12,5,73,28,0.14,12587600
561,0.8297,0.014,81,15,5,5,109,46,-0.22,12559300
562,0.8041,0.0143,3,46,51,5,73,93,0.01,12560800
563,0.7129,0.0144,39,16,45,5,96,28,-0.1,12548400
564,0.8449,0.0148,96,4,0,5,67,99,0.25,12579500
565,0.9572,0.0155,44,0,56,5,162,40,0.26,12612400
566,1.0557,0.0169,50,35,14,5,113,23,0.31,12651300
567,0.9361,0.0177,30,13,57,5,59,14,-0.1,12639100
568,0.7757,0.0181,56,7,37,5,34,14,-0.23,12610000
569,0.7493,0.0184,22,41,37,5,84,13,0,12609800
570,0.7501,0.0187,19,81,0,5,73,35,0.05,12616000
571,0.7741,0.0189,44,17,40,5,70,60,0.1,12628500
572,0.5663,0.0185,60,24,16,5,97,16,-0.36,12582500
573,0.6076,0.0163,35,54,11,5,53,12,0.11,12596700
574,0.4941,0.0143,2,43,55,5,45,58,-0.14,12579100
575,0.5955,0.0123,36,40,24,5,38,22,0.17,12601100
576,0.3529,0.0089,86,1,13,5,58,46,-0.21,12575200
577,0.479,0.0086,94,1,5,5,51,36,0.12,12590800
578,0.4374,0.0084,7,0,93,5,63,22,-0.02,12587700
579,0.8261,0.0086,38,19,43,5,59,22,0.36,12632600
580,0.8675,0.0091,37,2,62,5,36,8,0.08,12642100
581,0.4895,0.0086,61,39,0,5,114,69,-0.32,12601100
582,0.5768,0.008,35,53,12,5,34,9,0.09,12612600
583,1.0145,0.0078,80,20,0,5,90,70,0.39,12661200
584,1.3584,0.0121,92,0,8,5,284,95,0.71,12750600
585,1.2215,0.0162,75,24,1,5,150,22,0.19,12774600
586,1.1063,0.0194,18,0,81,5,135,17,0.06,12781900
587,1.1454,0.024,45,14,41,5,258,45,0.45,12839500
588,1.1415,0.0295,99,0,1,5,265,50,0.45,12897600
589,1.1378,0.0361,50,26,23,5,335,272,0.54,12967600
590,1.049,0.0414,7,31,62,5,104,23,0.12,12982800
591,0.9746,0.0456,6,0,94,5,299,243,0.04,12987500
592,1.0092,0.0504,42,14,44,5,330,147,0.58,13063200
593,0.8429,0.052,74,0,26,5,299,104,-0.62,12982800
594,0.8729,0.0535,65,33,2,5,341,156,0.39,13033300
595,0.9391,0.0567,94,6,0,5,232,230,0.69,13123100
596,0.906,0.0583,16,53,30,5,497,358,0.1,13136400
597,0.9,0.0598,44,44,12,5,339,183,0.25,13168800
598,0.896,0.0605,53,20,27,5,271,169,0.24,13200800
599,0.7856,0.0596,62,0,38,5,477,225,-0.48,13137000
600,0.796,0.0584,13,87,0,5,383,88,0.23,13167000
601,0.7816,0.0548,12,21,67,5,143,67,0.04,13172200
602,0.7622,0.0499,17,33,50,5,135,98,-0.02,13170000
603,1.0503,0.0506,91,2,7,5,438,272,1.75,13400000
604,0.9901,0.0519,4,0,96,5,272,89,0.01,13401600
605,0.8616,0.0503,43,44,13,5,278,103,-0.49,13335700
606,0.7155,0.046,48,26,26,5,187,56,-0.64,13251000
607,0.6957,0.0422,2,60,37,5,151,45,-0.01,13250000
608,0.6303,0.0389,43,57,0,5,170,61,-0.19,13224400
609,0.6329,0.0368,19,2,79,5,142,79,0.08,13235500
610,0.6211,0.0345,7,42,52,5,89,79,0.03,13239100
611,0.7133,0.0323,61,26,13,5,177,101,0.38,13290000
612,0.64,0.0311,44,42,14,5,83,27,-0.17,13266800
613,0.6383,0.027,38,21,41,5,112,47,0.05,13273200
614,0.625,0.0237,6,35,59,5,136,45,0.01,13275100
615,0.8014,0.0233,53,10,37,5,162,150,0.49,13339600
616,0.8046,0.0229,13,50,36,5,179,173,0.08,13349700
617,0.7896,0.0228,7,41,51,5,132,83,0.04,13354400
618,0.7215,0.0228,35,45,20,5,82,37,-0.1,13340800
619,0.778,0.0215,38,53,10,5,85,88,0.18,13364400
620,0.7548,0.0204,17,0,82,5,234,130,0,13364100
621,0.5191,0.0186,50,27,23,5,215,99,-0.43,13306300
622,0.4428,0.0162,42,26,33,5,144,121,-0.08,13295500
623,0.1023,0.0161,56,18,26,5,384,255,-0.62,13213600
624,0.2585,0.0148,56,23,22,5,196,89,0.22,13243200
625,0.3527,0.0146,18,42,40,5,46,16,0.11,13258200
626,0.3448,0.0145,2,0,98,5,104,83,-0.01,13257100
627,0.4905,0.0143,65,35,0,5,50,55,0.23,13287100
628,0.2107,0.0141,54,37,10,5,65,23,-0.39,13235300
629,0.193,0.0142,19,24,57,5,96,95,-0.03,13231500
630,-0.0135,0.0156,36,52,11,5,188,102,-0.39,13180100
631,0.1044,0.0167,43,56,2,5,93,99,0.1,13193700
632,0.0776,0.0181,2,41,57,5,100,102,-0.14,13175400
633,0.2763,0.0185,91,2,7,5,94,72,0.33,13219300
634,0.1849,0.0193,55,13,32,5,68,46,-0.23,13189100
635,0.1425,0.0198,23,67,10,5,109,34,-0.17,13167300
636,0.145,0.02,32,0,68,5,60,20,-0.07,13157800
637,0.0027,0.021,55,45,0,5,215,97,-0.43,13100900
638,-0.0139,0.0224,68,12,20,5,106,38,-0.21,13073200
639,0.0084,0.0227,16,34,50,5,157,74,-0.08,13063000
640,-0.0252,0.0229,70,30,0,5,208,116,-0.21,13035200
641,0.0003,0.0243,40,39,21,5,105,71,-0.12,13019800
642,0.0644,0.025,28,38,34,5,156,88,0.02,13022600
643,-0.049,0.0288,75,25,0,5,284,107,-0.6,12945100
644,0.1501,0.0296,75,25,0,5,179,157,0.46,13004500
645,0.2444,0.0293,65,0,35,5,106,41,0.2,13031000
646,0.4086,0.0281,100,0,0,5,108,50,0.43,13087300
647,0.4439,0.0256,31,22,47,5,100,33,0.04,13092400
648,0.4847,0.0241,67,1,33,5,84,19,0.05,13099600
649,0.5254,0.0224,22,25,53,5,69,37,0.05,13105600
650,0.5477,0.0217,24,24,52,5,133,62,0.02,13108100
651,0.5662,0.0206,1,0,99,5,80,99,0,13108100
652,0.7093,0.0201,51,0,49,5,138,94,0.27,13143700
653,0.841,0.0188,11,19,70,5,179,52,0.2,13170200
654,0.7157,0.0177,88,2,10,5,54,30,-0.28,13133500
655,0.6721,0.0169,74,22,4,5,51,35,-0.11,13119200
656,0.884,0.0172,61,37,2,5,103,98,0.37,13167800
657,0.8953,0.0184,30,53,17,5,107,50,0.1,13180500
658,0.8562,0.0194,85,4,10,5,56,24,0.01,13181400
659,0.8208,0.0202,1,1,98,5,43,26,0,13181700
660,0.7962,0.0205,12,1,86,5,67,51,0.02,13183800
661,0.7959,0.0204,1,33,67,5,46,36,0.06,13191900
662,0.4972,0.0193,100,0,0,5,86,74,-0.57,13116900
663,0.611,0.0152,47,41,13,5,74,34,0.25,13150000
664,0.4379,0.0125,74,0,26,5,63,57,-0.2,13123600
665,0.4582,0.0103,89,0,11,5,63,68,0.07,13133300
666,0.5591,0.0096,99,0,1,5,67,27,0.12,13149500
667,0.4625,0.009,16,74,10,5,60,45,-0.07,13140000
668,0.4409,0.0084,0,62,38,5,59,121,0,13139900
669,0.5266,0.0079,10,38,52,5,69,32,0.09,13151500
670,0.6748,0.0075,61,0,39,5,77,20,0.13,13169000
671,0.4025,0.0069,80,0,20,5,94,38,-0.18,13144800
672,0.4891,0.0068,7,0,93,5,66,37,0.06,13153100
673,0.728,0.0069,25,75,0,5,113,73,0.17,13175000
674,1.2417,0.0092,79,21,0,5,242,94,0.57,13249900
675,1.1214,0.0106,67,5,28,5,244,49,0.03,13253900
676,0.8219,0.0111,20,40,39,5,136,28,-0.28,13216500
677,0.9541,0.0122,54,24,21,5,160,68,0.22,13245600
678,0.8106,0.0127,8,54,39,5,106,39,-0.14,13226900
679,0.9518,0.014,59,41,0,5,107,86,0.27,13262000
680,0.8842,0.0149,18,35,47,5,93,76,-0.03,13258100
681,0.8247,0.0156,6,60,35,5,101,108,-0.04,13252400
682,0.9013,0.016,87,0,13,5,59,63,0.19,13278200
683,0.6814,0.0159,90,0,10,5,125,15,-0.32,13236000
684,0.7331,0.0154,41,0,59,5,88,22,0.12,13251700
685,0.113,0.0156,64,24,13,5,308,135,-0.96,13124300
686,0.1446,0.016,28,67,5,5,153,39,0.03,13127800
687,0.1574,0.0162,4,39,57,5,96,34,0.01,13129000
688,0.2088,0.0162,34,0,66,5,52,73,0.08,13140000
689,0.2955,0.0161,7,83,10,5,56,23,0.15,13159200
690,0.1395,0.0169,99,1,1,5,36,12,-0.3,13119900
691,0.204,0.0171,21,79,0,5,51,11,0.1,13132900
692,0.319,0.017,69,31,0,5,65,16,0.2,13159300
693,0.2544,0.0174,60,7,33,5,99,48,-0.13,13142000
694,0.2308,0.0175,68,6,26,5,84,21,-0.09,13130000
695,0.28,0.0174,21,0,79,5,103,18,0.05,13136000
696,0.4059,0.0173,29,70,1,5,152,67,0.2,13162200
697,0.445,0.0168,14,43,43,5,142,92,0.04,13167600
698,0.5145,0.0165,13,37,49,5,82,20,0.1,13180600
699,0.5533,0.0154,3,74,22,5,55,39,0.03,13184400
700,0.6552,0.0144,35,22,43,5,126,71,0.12,13200100
701,0.9702,0.0147,41,0,59,5,268,72,0.47,13261900
702,1.0239,0.0144,19,48,33,5,123,49,0.06,13270000
703,0.9035,0.0147,66,15,19,5,71,19,-0.15,13249500
704,0.9494,0.0149,16,51,33,5,76,76,0.08,13260100
705,1.1857,0.0187,76,11,14,5,191,91,0.69,13352200
706,1.0466,0.0211,12,59,29,5,77,26,-0.04,13346500
707,0.8872,0.0221,50,29,22,5,130,217,-0.23,13316300
708,0.9061,0.0233,65,0,35,5,68,24,0.17,13338300
709,0.891,0.0246,27,66,7,5,101,80,0.09,13350100
710,0.8812,0.0251,1,99,0,5,77,98,0.09,13361600
711,0.7841,0.0249,43,0,57,5,119,54,-0.17,13339100
712,0.7475,0.0248,20,30,51,5,33,12,-0.03,13335600
713,0.7058,0.024,13,32,56,5,79,28,-0.05,13329000
714,0.6124,0.0222,59,1,40,5,80,52,-0.18,13305500
715,0.5741,0.0202,23,11,66,5,81,17,-0.04,13300400
716,0.5303,0.0184,71,0,29,5,45,31,-0.04,13294600
717,0.5712,0.0165,16,23,61,5,68,22,0.12,13309900
718,0.4977,0.0145,55,20,25,5,63,102,-0.08,13299800
719,0.4005,0.0122,28,38,34,5,148,72,-0.08,13289400
720,0.5989,0.0098,95,0,5,5,64,83,0.26,13324600
721,0.5269,0.0092,28,72,0,5,50,58,-0.05,13317800
722,0.526,0.0086,9,72,19,5,56,13,0.02,13320000
723,0.3977,0.0073,46,33,21,5,37,18,-0.07,13310100
724,0.5166,0.006,56,44,0,5,55,43,0.11,13324600
725,-0.1366,0.007,62,31,7,5,139,54,-0.49,13259300
726,-0.3946,0.0118,100,0,0,5,211,50,-0.68,13169400
727,-0.0875,0.014,58,29,13,5,81,42,0.19,13194300
728,0.0847,0.0149,51,21,29,5,75,49,0.16,13215100
729,0.1602,0.0152,39,3,58,5,54,28,0.05,13222300
730,0.2059,0.015,78,21,1,5,57,39,0.03,13225700
731,0.2365,0.015,1,28,71,5,45,28,0,13226300
732,0.0658,0.0158,83,0,17,5,66,42,-0.35,13180100
733,0.0883,0.0165,11,25,64,5,62,27,-0.05,13173200
734,0.143,0.0172,20,68,12,5,67,21,0.02,13175400
735,0.3619,0.017,98,0,2,5,80,57,0.35,13221500
736,0.3533,0.0169,41,38,21,5,34,7,-0.04,13215800
737,0.4772,0.0164,42,10,49,5,75,55,0.19,13240300
738,0.514,0.016,18,0,82,5,74,104,0.04,13245500
739,0.4648,0.0157,20,50,30,5,143,107,-0.1,13232400
740,0.4141,0.0146,94,3,3,5,48,89,-0.11,13217800
741,0.6618,0.0135,69,31,0,5,65,24,0.32,13260400
742,0.4951,0.012,87,13,0,5,46,11,-0.26,13226000
743,0.6144,0.0106,58,0,42,5,53,31,0.1,13239300
744,0.4837,0.008,99,0,1,5,26,9,-0.18,13216100
745,0.2086,0.0077,93,7,0,5,84,29,-0.24,13184400
746,0.731,0.0072,75,25,0,5,87,100,0.42,13239600
747,0.6687,0.0071,43,57,0,5,34,18,-0.03,13235500
748,0.2345,0.0073,79,0,21,5,66,58,-0.32,13192800
749,-0.0998,0.0088,69,22,10,5,161,33,-0.36,13145100
750,-0.1241,0.0107,71,22,7,5,182,37,-0.18,13121500
751,0.1112,0.0114,57,19,24,5,63,16,0.2,13147200
752,0.3818,0.0113,70,11,20,5,43,91,0.31,13188300
753,0.7727,0.0114,94,0,6,5,78,88,0.47,13250900
754,0.9384,0.0122,74,26,0,5,170,66,0.26,13285900
755,0.8273,0.0128,19,42,38,5,144,31,-0.1,13273100
756,0.866,0.0135,37,62,2,5,99,57,0.1,13287000
757,1.0312,0.0154,56,35,9,5,124,22,0.36,13334600
758,0.9052,0.0166,49,12,39,5,228,17,-0.12,13318600
759,0.9456,0.0181,53,0,47,5,88,55,0.18,13342300
760,0.9884,0.0202,99,1,0,5,101,58,0.24,13374000
761,1.2188,0.0268,94,6,0,5,264,207,1.03,13511500
762,1.0699,0.0314,9,13,78,5,190,76,-0.03,13507000
763,0.948,0.0343,38,37,25,5,193,54,-0.15,13486200
764,0.8772,0.0362,12,70,18,5,335,74,-0.07,13476700
765,0.8452,0.0373,34,0,66,5,172,57,0.03,13481200
766,0.8692,0.0392,74,26,0,5,103,71,0.26,13516800
767,0.9333,0.0422,72,14,15,5,213,104,0.51,13585200
768,0.8635,0.0434,18,52,30,5,298,98,-0.11,13570800
769,0.6772,0.0413,86,0,14,5,468,58,-0.71,13474500
770,0.7583,0.0384,76,4,20,5,182,45,0.41,13530000
771,0.7012,0.0349,100,0,0,5,57,32,-0.15,13509500
772,0.6397,0.0315,50,48,1,5,142,29,-0.15,13489400
773,0.4276,0.0291,84,12,4,5,251,83,-0.59,13409900
774,0.4048,0.0273,1,85,14,5,145,52,0,13409500
775,0.498,0.0246,58,26,16,5,149,84,0.32,13452700
776,0.5744,0.0219,45,22,33,5,84,49,0.24,13485200
777,0.4302,0.0201,70,0,30,5,86,23,-0.26,13450200
778,0.6689,0.0175,100,0,0,5,66,32,0.51,13518800
779,0.6988,0.015,30,58,13,5,64,23,0.07,13528600
780,0.674,0.013,36,28,36,5,61,32,-0.02,13526500
781,0.7915,0.0134,8,62,30,5,108,28,0.18,13550800
782,0.3539,0.0135,79,21,0,5,76,25,-0.6,13469400
783,0.1468,0.0143,77,23,0,5,108,63,-0.33,13424900
784,0.0802,0.0154,51,1,48,5,81,37,-0.17,13401800
785,0.3008,0.0157,87,2,11,5,76,26,0.32,13445300
786,0.3283,0.0158,8,0,92,5,36,28,0.02,13447500
787,0.2761,0.0145,30,0,69,5,47,23,-0.11,13432600
788,-0.0648,0.0152,86,14,0,5,160,80,-0.62,13349500
789,0.2135,0.0158,68,32,0,5,79,39,0.38,13400800
790,-0.0371,0.0173,67,33,0,5,147,83,-0.56,13326200
791,0.016,0.0189,18,43,39,5,59,37,-0.05,13319300
792,0.1282,0.0198,34,51,16,5,71,23,0.12,13335500
793,0.1583,0.0208,7,4,89,5,55,71,0,13335300
794,0.432,0.0207,86,14,0,5,67,52,0.57,13411700
795,0.3342,0.0209,69,4,28,5,120,93,-0.23,13380400
796,0.5863,0.0206,100,0,0,5,79,30,0.51,13449100
797,0.7228,0.021,79,21,0,5,125,86,0.3,13490000
798,0.6889,0.0203,51,10,39,5,146,93,-0.1,13476700
799,0.6844,0.0194,25,0,75,5,64,90,-0.05,13470100
800,0.7218,0.0184,6,67,27,5,80,132,0.03,13474300
801,0.5011,0.0161,45,27,28,5,141,82,-0.46,13412900
802,0.5582,0.0156,37,0,63,5,56,17,0.07,13422500
803,0.7126,0.0159,45,20,35,5,52,27,0.26,13457200
804,0.7075,0.0162,13,1,87,5,52,22,0.02,13459800
805,0.6985,0.0163,5,4,91,5,66,51,-0.01,13458900
806,0.6857,0.0164,7,41,52,5,69,24,-0.02,13456800
807,0.5791,0.0164,30,21,49,5,116,15,-0.17,13433400
808,0.6753,0.0159,92,8,0,5,55,13,0.19,13459000
809,0.7146,0.0162,10,90,0,5,76,27,0.09,13471700
810,0.5675,0.0147,76,24,0,5,44,28,-0.2,13444300
811,0.6786,0.0128,60,0,40,5,72,32,0.18,13469100
812,0.6902,0.0108,75,1,25,5,28,6,0.03,13473000
813,0.6986,0.0079,2,1,97,5,54,27,0,13473400
814,0.8876,0.008,100,0,0,5,65,61,0.18,13498000
815,0.7495,0.0062,72,20,7,5,51,16,-0.12,13482400
816,0.8859,0.0065,90,5,5,5,50,45,0.12,13498100
817,0.6947,0.0064,52,48,0,5,66,14,-0.13,13480400
818,0.5221,0.0063,27,49,24,5,77,42,-0.11,13464900
819,0.8425,0.0067,51,49,0,5,93,30,0.22,13495000
820,1.1476,0.0082,88,11,1,5,100,42,0.33,13539400
821,1.1242,0.009,90,10,0,5,105,33,0.08,13549800
822,1.0299,0.0094,35,2,63,5,101,71,-0.01,13548000
823,0.9347,0.0101,61,13,25,5,81,53,-0.03,13544400
824,0.887,0.0107,2,26,72,5,111,122,0,13545000
825,0.501,0.0105,65,24,11,5,133,96,-0.4,13491000
826,0.5052,0.0102,16,67,17,5,70,13,0.02,13493400
827,-0.0435,0.0108,76,6,18,5,127,77,-0.6,13412200
828,0.3069,0.0108,58,0,42,5,201,28,0.38,13463800
829,0.5011,0.0107,47,0,53,5,79,18,0.22,13493100
830,0.4668,0.0102,1,1,98,5,76,13,-0.02,13490700
831,0.5895,0.01,28,4,68,5,93,25,0.14,13509400
832,0.4592,0.0099,50,0,50,5,80,26,-0.12,13492800
833,0.4894,0.0098,41,59,0,5,32,9,0.04,13498100
834,0.4139,0.0098,28,30,42,5,57,15,-0.08,13487600
835,0.7132,0.0099,46,54,0,5,107,14,0.31,13529900
836,0.6239,0.01,26,33,41,5,93,26,-0.08,13519100
837,0.4753,0.0099,93,4,3,5,119,23,-0.14,13500100
838,0.4962,0.0095,15,58,27,5,84,21,0.04,13504900
839,0.5198,0.0095,20,78,2,5,75,26,0.03,13508600
840,0.4603,0.0092,26,43,31,5,77,62,-0.07,13499100
841,0.3276,0.0088,16,0,84,5,132,153,-0.14,13480100
842,0.3254,0.0083,7,40,52,5,61,31,-0.02,13477500
843,0.6041,0.0077,94,6,0,5,35,21,0.21,13505900
844,0.6589,0.007,7,62,31,5,26,3,0.02,13508200
845,0.813,0.0073,32,23,45,5,45,29,0.13,13525700
846,0.5398,0.0073,89,11,0,5,43,11,-0.2,13499200
847,0.4927,0.0046,0,0,100,5,20,11,0,13499200
848,-0.4118,0.0071,74,20,6,5,196,68,-0.66,13410000
849,-0.1798,0.009,5,95,0,5,203,48,0,13409900
850,-0.1075,0.0109,55,40,6,5,86,41,-0.08,13399000
851,-0.0933,0.0129,68,18,13,5,67,30,-0.15,13378700
852,0.0509,0.0141,50,46,5,5,121,88,0.09,13391200
853,0.2517,0.0144,79,9,11,5,72,50,0.25,13424700
854,0.1593,0.0151,43,0,57,5,51,15,-0.19,13399000
855,0.4914,0.0146,98,2,0,5,140,39,0.48,13463500
856,0.4738,0.0141,7,30,63,5,99,25,-0.05,13457100
857,0.5591,0.0139,44,50,6,5,79,16,0.11,13471700
858,0.3935,0.0136,7,46,47,5,40,21,-0.25,13437800
859,0.4096,0.0132,14,44,42,5,89,58,0,13437700
860,0.4507,0.0129,72,1,28,5,48,6,0.03,13442400
861,0.6991,0.0129,77,2,21,5,169,45,0.32,13485800
862,0.7584,0.0132,44,51,5,5,114,57,0.09,13498000
863,0.8688,0.0134,63,37,0,5,136,39,0.16,13519600
864,0.9111,0.0139,39,61,0,5,88,19,0.09,13531100
865,0.8381,0.0137,100,0,0,5,43,96,-0.11,13516000
866,0.8672,0.0142,26,70,4,5,64,127,0.07,13525000
867,0.7908,0.0144,39,61,0,5,42,19,-0.1,13511800
868,0.5887,0.0141,56,44,1,5,59,17,-0.27,13475600
869,0.6643,0.0138,52,0,48,5,71,19,0.13,13493600
870,0.6881,0.0133,10,88,2,5,65,24,0.06,13501900
871,0.7999,0.0123,38,26,36,5,133,46,0.17,13525300
872,0.8917,0.0117,86,3,12,5,98,42,0.14,13544900
873,0.7988,0.0114,84,16,0,5,46,35,-0.08,13534700
874,0.7909,0.01,1,0,99,5,67,112,0,13534800
875,0.7819,0.0101,34,66,0,5,58,46,0.02,13537700
876,0.4247,0.0097,67,30,3,5,126,78,-0.35,13490900
877,0.4129,0.0096,42,57,1,5,84,21,0,13490500
878,0.5567,0.0085,40,60,0,5,75,32,0.16,13512000
879,0.2279,0.0074,29,47,25,5,196,169,-0.23,13480300
880,-0.0585,0.0069,20,4,76,5,70,11,-0.18,13455900
881,0.4002,0.0068,81,0,19,5,89,18,0.33,13499800
882,0.3826,0.0068,25,66,9,5,45,12,-0.01,13498200
883,0.5838,0.0068,52,48,0,5,77,28,0.14,13516500
884,1.2297,0.0089,100,0,0,5,335,226,0.62,13600000
885,0.8552,0.0094,29,63,7,5,358,153,-0.3,13559600
886,0.7674,0.0097,50,47,2,5,90,29,-0.07,13550700
887,0.6713,0.0098,17,83,0,5,91,116,-0.08,13539800
888,0.6723,0.0095,12,87,1,5,86,33,0.02,13542600
889,0.7538,0.0096,47,53,0,5,113,23,0.1,13556500
890,0.6966,0.0096,25,1,75,5,101,67,-0.04,13551700
891,0.7437,0.0099,1,61,38,5,64,19,0.06,13560400
892,0.6296,0.0099,43,38,19,5,74,35,-0.11,13545200
893,0.3111,0.01,83,1,16,5,144,38,-0.33,13500600
894,0.6012,0.01,69,1,31,5,69,21,0.29,13540200
895,0.4813,0.01,54,0,46,5,54,20,-0.13,13523200
896,0.618,0.0098,61,7,32,5,83,48,0.15,13544000
897,0.8369,0.0099,51,22,27,5,190,50,0.25,13578000
898,0.7507,0.0101,27,30,43,5,80,22,-0.06,13569900
899,0.8468,0.0099,55,26,18,5,65,19,0.13,13587400
900,0.4957,0.008,31,43,25,5,289,375,-0.31,13545000
901,0.5392,0.0074,29,27,44,5,106,97,0.05,13552000
902,0.255,0.0068,34,37,28,5,66,20,-0.18,13527100
903,0.3203,0.0065,34,63,2,5,56,10,0.06,13534700
904,-0.0875,0.0066,98,1,1,5,73,41,-0.31,13492900
905,0.0977,0.007,1,81,17,5,29,41,0.08,13504300
906,0.1005,0.0075,12,57,31,5,62,18,-0.04,13499300
907,-0.0491,0.0087,99,1,0,5,53,31,-0.2,13472000
908,-0.0118,0.0098,25,46,29,5,92,52,-0.05,13464600
909,0.0252,0.0107,14,45,41,5,64,24,-0.04,13458600
910,0.1887,0.0111,55,42,3,5,72,23,0.14,13477200
911,-0.0074,0.0122,45,12,43,5,123,37,-0.32,13433800
912,-0.2249,0.0162,58,36,6,5,361,105,-0.63,13349500
913,-0.0173,0.0184,33,0,67,5,102,61,0.18,13373100
914,0.1436,0.0192,19,77,4,5,62,56,0.22,13401900
915,0.1835,0.02,5,95,0,5,57,31,0.01,13403000
916,0.204,0.0204,66,18,16,5,19,7,-0.02,13399700
917,0.0395,0.0214,94,6,0,5,118,29,-0.47,13336700
918,0.085,0.0219,6,18,76,5,83,42,-0.01,13335200
919,0.1813,0.0209,73,27,0,5,54,88,0.16,13356100
920,0.1645,0.0208,16,4,80,5,89,39,-0.11,13341700
921,0.1935,0.0201,2,0,98,5,103,20,0.01,13342500
922,0.1603,0.0199,31,7,62,5,112,113,-0.13,13324600
923,0.1849,0.0189,0,1,99,5,83,16,0,13324700
924,-0.141,0.0222,73,13,14,5,486,93,-0.94,13199500
925,0.0563,0.0227,49,30,21,5,225,77,0.32,13241800
926,0.0262,0.0235,18,51,31,5,342,167,-0.21,13213800
927,0.0127,0.0249,32,33,35,5,217,126,-0.21,13186200
928,0.0778,0.0256,8,11,81,5,265,150,0.03,13190300
929,0.1895,0.0252,18,36,46,5,125,45,0.21,13218200
930,0.2144,0.0237,0,78,22,5,172,34,0.01,13219500
931,0.3062,0.0225,90,0,10,5,111,34,0.17,13242100
932,0.5206,0.0222,83,1,16,5,217,61,0.47,13303800
933,0.5888,0.0217,4,21,75,5,222,64,0.13,13320700
934,0.555,0.0204,39,3,58,5,90,24,-0.12,13305200
935,0.5196,0.0189,54,16,30,5,132,56,-0.12,13289500
936,0.5574,0.0172,10,10,80,5,108,34,0.02,13292300
937,0.179,0.0175,68,19,13,5,225,214,-0.71,13197800
938,0.2264,0.0175,7,53,40,5,172,44,0.03,13202100
939,0.1095,0.0175,46,28,27,5,111,37,-0.28,13165400
940,0.2726,0.0169,97,1,2,5,76,34,0.25,13198100
941,0.3344,0.0158,94,2,4,5,86,32,0.07,13207600
942,0.359,0.0148,2,60,38,5,137,67,0.01,13208700
943,0.1658,0.0142,98,0,1,5,52,12,-0.33,13165700
944,0.0523,0.0154,43,31,26,5,127,60,-0.24,13133900
945,0.1798,0.0161,36,44,20,5,93,35,0.14,13152600
946,-0.0458,0.0186,78,8,14,5,185,166,-0.55,13080000
947,-0.0404,0.0213,39,26,35,5,194,74,-0.19,13055500
948,-0.0037,0.024,2,37,61,5,145,100,-0.11,13040500
949,0.0878,0.0259,27,1,72,5,94,131,0.08,13050800
950,0.086,0.0279,54,12,35,5,109,85,-0.16,13029700
951,0.1226,0.0295,22,0,78,5,86,54,-0.04,13024800
952,0.2156,0.029,47,51,2,5,40,14,0.19,13050000
953,0.5583,0.0268,86,0,14,5,224,113,0.93,13171600
954,0.6507,0.0248,56,27,17,5,153,38,0.17,13194600
955,0.6781,0.0229,25,75,0,5,47,14,0,13194500
956,0.6411,0.0205,68,32,0,5,77,72,-0.16,13172900
957,0.2431,0.0207,98,0,2,5,125,49,-0.87,13058200
958,0.4759,0.02,49,51,0,5,54,32,0.45,13117300
959,0.725,0.0202,100,0,0,5,92,38,0.51,13184300
960,0.6094,0.0197,64,31,5,5,78,26,-0.26,13150400
961,0.6195,0.0189,68,30,3,5,25,11,-0.01,13148800
962,0.6424,0.0179,34,32,34,5,67,25,0.01,13149800
963,0.3038,0.0179,83,16,0,5,151,48,-0.64,13065200
964,0.3714,0.018,1,93,6,5,41,22,0.1,13078200
965,0.3118,0.018,74,26,0,5,60,22,-0.14,13059500
966,0.243,0.0184,45,22,33,5,87,26,-0.15,13039800
967,0.1347,0.0192,71,0,29,5,132,48,-0.25,13007300
968,0.3056,0.0191,85,0,14,5,106,103,0.34,13051300
969,0.179,0.0197,81,1,18,5,102,33,-0.27,13015500
970,0.3325,0.0193,45,52,3,5,97,54,0.32,13057200
971,0.3633,0.0187,39,58,4,5,75,93,0.08,13068200
972,0.4214,0.0184,40,55,6,5,91,22,0.12,13084500
973,0.4431,0.0178,8,92,0,5,33,12,0.01,13085900
974,0.3711,0.0166,46,54,0,5,50,16,-0.16,13064600
975,0.3667,0.0152,13,87,0,5,95,18,-0.04,13059500
976,0.459,0.0139,40,54,7,5,63,35,0.11,13073500
977,0.4377,0.0138,12,52,36,5,89,56,-0.02,13070300
978,0.5135,0.0136,52,44,4,5,61,90,0.09,13082200
979,0.481,0.0114,42,8,50,5,57,44,-0.08,13071300
980,0.5069,0.0101,31,1,68,5,49,27,0,13071100
981,0.5441,0.0085,66,1,33,5,58,80,0,13071200
982,0.7843,0.0064,99,0,1,5,45,11,0.12,13086800
983,0.5985,0.0064,84,0,16,5,24,10,-0.12,13071700
984,0.5976,0.0063,1,1,98,5,64,22,0,13071200
985,0.5914,0.0063,1,1,98,5,46,77,0,13071300
986,0.7357,0.0063,0,49,50,5,66,99,0.11,13085300
987,1.3258,0.0072,97,3,0,5,107,69,0.5,13151300
988,1.2158,0.0094,54,9,37,5,87,18,0.12,13166700
989,1.2593,0.0115,99,1,0,5,98,30,0.27,13202500
990,0.9849,0.0126,72,18,11,5,37,78,-0.22,13174100
991,1.0143,0.0141,33,66,1,5,82,17,0.16,13195700
992,0.9354,0.0154,0,81,19,5,85,19,-0.02,13193600
993,0.8052,0.0159,96,0,3,5,81,95,-0.15,13174100
994,0.8915,0.0167,79,5,15,5,99,60,0.22,13203100
995,0.8983,0.0174,39,36,25,5,105,61,0.1,13216100
996,0.8719,0.0181,17,79,5,5,35,7,0.04,13220900
997,0.782,0.0182,31,43,26,5,56,23,-0.11,13206700
998,0.6874,0.018,52,48,0,5,33,13,-0.13,13189000
999,0.5987,0.0173,99,1,0,5,55,18,-0.13,13172200
1000,0.5542,0.0164,49,0,51,5,84,24,-0.05,13166200
1001,0.6021,0.0154,8,71,20,5,73,17,0.11,13180700
1002,0.6128,0.0146,31,51,18,5,79,86,0.05,13186700
1003,0.3989,0.0132,83,17,0,5,55,48,-0.27,13151400
1004,0.3887,0.0113,18,0,81,5,27,29,0.04,13156600
1005,0.401,0.0089,33,64,3,5,88,12,0.07,13166400
1006,0.3249,0.0062,14,65,22,5,18,3,0.01,13167900
1007,0.1378,0.0061,50,2,49,5,53,21,-0.11,13153000
1008,0.0514,0.0066,39,4,57,5,45,17,-0.08,13141900
1009,0.1041,0.0069,98,1,1,5,38,17,0,13141900
1010,0.1416,0.0073,1,0,99,5,56,21,0,13141800
1011,0.1787,0.0075,0,98,2,5,77,25,0,13141800
1012,0.2105,0.0077,82,17,1,5,18,13,0,13141800
1013,0.1791,0.008,44,55,1,5,52,209,-0.05,13135200
1014,0.3046,0.0078,30,11,59,5,103,73,0.08,13146200
1015,0.8669,0.0074,94,0,6,5,53,30,0.42,13201200
1016,1.0393,0.0073,58,42,0,5,57,22,0.12,13216800
1017,0.9868,0.0074,17,39,44,5,76,46,-0.03,13213300
1018,0.823,0.0076,55,0,45,5,63,43,-0.11,13198400
1019,0.7059,0.0077,46,54,0,5,97,53,-0.08,13187800
1020,0.7117,0.0079,28,0,72,5,28,42,0.02,13190000
1021,0.824,0.0082,87,13,1,5,37,25,0.11,13204200
1022,0.7995,0.0084,38,55,7,5,65,32,-0.01,13203300
1023,0.6549,0.0084,59,39,3,5,45,17,-0.11,13189100
1024,0.5256,0.0083,35,0,65,5,97,51,-0.1,13175700
1025,1.1652,0.0105,94,6,0,5,147,125,0.72,13270300
1026,1.015,0.0119,31,30,38,5,104,26,-0.05,13263700
1027,1.0706,0.0138,62,0,38,5,120,20,0.22,13293400
1028,1.0676,0.0156,74,21,4,5,77,26,0.17,13315600
1029,0.8558,0.016,51,0,49,5,137,33,-0.26,13280600
1030,0.9474,0.0168,73,6,21,5,64,25,0.25,13313600
1031,0.8804,0.0171,38,0,62,5,79,33,-0.04,13308600
1032,0.8082,0.0169,21,47,32,5,101,18,-0.07,13299100
1033,0.7814,0.0161,3,56,41,5,98,55,-0.01,13298300
1034,0.8117,0.0154,3,61,36,5,36,16,0.09,13310100
1035,0.7327,0.0154,31,56,12,5,83,44,-0.08,13299000
1036,0.5359,0.0152,81,19,0,5,54,5,-0.29,13261000
1037,0.6056,0.015,43,22,35,5,55,15,0.13,13278000
1038,0.9509,0.0159,89,11,0,5,97,25,0.62,13360000
1039,1.0112,0.0169,47,37,16,5,231,68,0.22,13389900
1040,0.9911,0.0177,2,41,56,5,153,38,0.09,13401500
1041,0.8428,0.0177,49,30,22,5,71,15,-0.2,13375000
1042,0.75,0.017,52,0,48,5,43,56,-0.12,13358600
1043,0.8003,0.0157,38,40,22,5,74,20,0.12,13374100
1044,0.7228,0.0129,6,1,93,5,63,125,-0.12,13358700
1045,0.8508,0.0131,50,18,32,5,80,39,0.22,13387600
1046,0.9193,0.0134,100,0,0,5,75,126,0.16,13408500
1047,0.6702,0.0133,64,2,34,5,38,16,-0.31,13367400
1048,0.5054,0.0132,56,43,1,5,66,50,-0.21,13339400
1049,0.4361,0.0126,17,51,32,5,91,49,-0.07,13330200
1050,0.5282,0.0125,100,0,0,5,83,35,0.13,13347300
1051,0.4251,0.0123,2,82,16,5,50,18,-0.12,13331500
1052,0.3561,0.012,33,67,0,5,44,35,-0.07,13321900
1053,0.186,0.0121,89,10,0,5,48,17,-0.21,13294200
1054,0.1961,0.0123,1,16,82,5,45,17,0,13294000
1055,0.0832,0.0129,34,50,16,5,107,59,-0.17,13270800
1056,0.0711,0.0126,0,100,0,5,72,17,0,13270700
1057,0.0391,0.013,40,59,1,5,98,95,-0.07,13262000
1058,0.0788,0.0141,12,60,28,5,63,31,-0.03,13258000
1059,0.1472,0.0144,29,5,67,5,79,12,0.04,13263100
1060,0.0657,0.0148,86,3,11,5,47,21,-0.2,13237100
1061,0.2236,0.0148,93,0,7,5,55,18,0.19,13262400
1062,0.2825,0.0148,70,29,0,5,64,25,0.05,13269500
1063,0.2249,0.0147,100,0,0,5,18,5,-0.13,13252600
1064,0.2371,0.0147,14,9,77,5,44,32,-0.02,13249600
1065,0.2586,0.0137,29,41,30,5,36,59,0,13249900
1066,0.2738,0.0115,54,0,46,5,73,31,0.01,13251600
1067,0.3059,0.0102,18,6,75,5,92,21,0.02,13254200
1068,0.3958,0.0094,4,96,0,5,62,17,0.07,13263700
1069,0.4158,0.0087,32,68,0,5,88,33,0,13263700
1070,0.6517,0.0071,76,0,24,5,69,50,0.16,13284500
1071,1.2866,0.0082,100,0,0,5,120,33,0.55,13357100
1072,1.2708,0.0105,81,19,0,5,103,34,0.19,13381900
1073,1.0414,0.012,77,22,1,5,44,26,-0.13,13364200
1074,1.1297,0.0146,77,14,8,5,119,22,0.31,13405900
1075,1.0259,0.0167,88,0,12,5,63,12,0.01,13406800
1076,0.9236,0.018,19,79,2,5,128,31,-0.06,13398200
1077,0.8634,0.0189,4,46,50,5,75,83,-0.02,13394900
1078,0.8133,0.0195,81,10,10,5,62,22,-0.03,13391300
1079,0.5517,0.0192,75,25,0,5,151,67,-0.48,13326500
1080,0.5878,0.0185,49,0,51,5,72,39,0.1,13340100
1081,0.5649,0.0182,16,83,1,5,68,39,-0.02,13337900
1082,0.6665,0.018,54,21,24,5,90,28,0.22,13367000
1083,0.7326,0.0176,83,17,0,5,87,29,0.16,13388600
1084,0.6988,0.0169,5,91,4,5,63,18,-0.02,13385600
1085,0.5192,0.0157,60,40,0,5,44,22,-0.27,13349700
1086,0.3772,0.0144,41,43,16,5,101,57,-0.18,13325700
1087,0.4103,0.0129,67,23,9,5,75,20,0.09,13338100
1088,0.2188,0.0117,76,24,0,5,38,17,-0.2,13311900
1089,0.1734,0.0104,3,13,84,5,56,15,0.01,13313300
1090,0.4744,0.009,67,0,33,5,130,27,0.34,13359100
1091,0.4767,0.009,15,0,85,5,99,55,0,13359500
1092,0.5313,0.0089,5,73,22,5,320,111,0.04,13365200
1093,0.7629,0.0092,24,59,18,5,300,113,0.23,13395300
1094,0.8967,0.0093,2,42,56,5,400,160,0.13,13412900
1095,1.2315,0.0119,73,17,11,5,339,66,0.53,13484000
1096,1.1103,0.0142,11,50,39,5,219,38,0.03,13487400
1097,0.7123,0.0144,91,9,0,5,106,97,-0.55,13413400
1098,0.7886,0.0148,16,38,46,5,110,69,0.14,13431900
1099,0.8762,0.0154,18,76,6,5,67,12,0.2,13458800
1100,0.8843,0.0162,67,33,0,5,52,17,0.09,13471000
1101,0.704,0.0161,61,1,38,5,81,26,-0.25,13436700
1102,0.6494,0.0161,30,31,39,5,95,21,-0.06,13428100
1103,0.3803,0.0162,77,17,5,5,151,66,-0.44,13368800
1104,0.6294,0.0163,80,20,0,5,151,56,0.42,13425100
1105,0.551,0.016,35,65,0,5,71,20,-0.11,13410800
1106,0.7288,0.0155,72,23,5,5,127,21,0.32,13453900
1107,0.7276,0.0151,5,20,75,5,321,84,0.03,13458500
1108,0.8194,0.0141,58,10,32,5,92,14,0.17,13481200
1109,0.9129,0.013,40,29,31,5,172,45,0.16,13502300
1110,0.7297,0.0123,44,56,0,5,84,26,-0.21,13474000
1111,0.639,0.0113,34,39,27,5,83,28,-0.09,13462100
1112,0.8938,0.0107,56,0,44,5,254,60,0.32,13504800
1113,0.7874,0.0105,13,83,4,5,101,51,-0.08,13493400
1114,0.9025,0.0109,19,51,30,5,204,61,0.17,13517000
1115,0.8883,0.0115,66,0,34,5,165,165,0.02,13519900
1116,1.0892,0.0134,58,14,28,5,345,121,0.38,13570800
1117,1.0037,0.0146,86,0,14,5,211,49,0,13571400
1118,0.6782,0.0146,56,23,22,5,245,59,-0.45,13511000
1119,0.7146,0.0148,25,45,30,5,230,126,0.08,13522000
1120,0.9381,0.0162,66,13,21,5,232,93,0.43,13580100
1121,0.5128,0.0158,98,2,0,5,150,38,-0.66,13490000
1122,0.547,0.0153,46,0,54,5,87,47,0.08,13500600
1123,0.3398,0.013,60,40,0,5,161,45,-0.24,13467700
1124,0.6343,0.0122,89,0,11,5,177,148,0.41,13522800
1125,0.5862,0.0106,5,80,15,5,157,55,-0.03,13518400
1126,0.4369,0.01,46,54,0,5,82,58,-0.14,13499900
1127,0.4706,0.0094,0,41,59,5,116,32,0.05,13507100
1128,0.4053,0.0092,31,49,21,5,43,10,-0.05,13500000
1129,0.5217,0.0092,43,46,11,5,83,39,0.11,13515100
1130,0.3916,0.0088,20,16,64,5,154,44,-0.11,13500800
1131,0.2943,0.0083,6,0,94,5,155,62,-0.06,13492300
1132,0.3585,0.0083,22,53,25,5,150,80,0.05,13499100
1133,-0.2362,0.0111,100,0,0,5,250,63,-0.73,13400100
1134,0.0545,0.0121,43,56,1,5,110,50,0.25,13433100
1135,-0.1359,0.0149,53,36,12,5,210,69,-0.46,13370700
1136,0.1293,0.015,64,24,12,5,154,114,0.34,13416000
1137,0.2172,0.0144,24,49,27,5,111,89,0.09,13428700
1138,0.2009,0.0149,20,35,46,5,92,31,-0.07,13419100
1139,0.3007,0.0149,7,93,0,5,69,18,0.12,13434900
1140,0.2276,0.0135,50,50,0,5,165,30,-0.13,13417300
1141,0.1831,0.014,6,11,83,5,63,13,-0.11,13402700
1142,0.2656,0.0141,44,12,43,5,132,147,0.08,13413600
1143,0.1847,0.0147,31,51,18,5,83,115,-0.16,13391900
1144,0.3811,0.014,43,38,19,5,107,60,0.26,13427000
1145,0.3324,0.0134,6,0,94,5,95,38,-0.1,13414100
1146,0.2637,0.0131,90,8,2,5,93,54,-0.12,13397400
1147,0.3545,0.0124,96,4,0,5,31,38,0.09,13410000
1148,0.5738,0.0116,71,29,0,5,99,89,0.24,13442800
1149,0.6627,0.0102,25,45,30,5,127,65,0.06,13450300
1150,0.6705,0.009,21,33,46,5,76,74,-0.03,13445900
1151,0.8587,0.0082,38,16,46,5,81,31,0.13,13463300
1152,0.8771,0.0068,32,10,58,5,91,116,-0.05,13456100
1153,0.8347,0.007,2,8,90,5,84,48,0,13455800
1154,0.5846,0.007,60,10,30,5,49,17,-0.17,13432400
1155,0.4136,0.0059,82,0,18,5,78,43,-0.09,13420100
1156,0.4034,0.0059,6,93,1,5,54,128,0,13419500
1157,0.2068,0.0061,65,11,24,5,67,27,-0.13,13401700
1158,0.2246,0.0063,1,8,91,5,90,37,0,13401600
1159,0.2455,0.0065,3,1,97,5,75,58,0,13401200
1160,0.2614,0.0066,75,9,16,5,75,26,0,13401300
1161,0.0601,0.0071,82,0,18,5,75,32,-0.16,13379600
1162,0.3323,0.0071,11,48,41,5,61,45,0.19,13404800
1163,0.2412,0.007,1,8,91,5,26,11,-0.06,13396600
1164,0.3863,0.0071,72,12,15,5,82,37,0.1,13409400
1165,0.4428,0.0071,20,52,27,5,57,37,0.04,13414800
1166,0.3244,0.007,11,58,32,5,100,90,-0.08,13404100
1167,0.3724,0.007,51,0,49,5,66,29,0.03,13408500
1168,0.5268,0.0068,50,35,15,5,54,12,0.1,13421900
1169,0.3807,0.0065,0,62,38,5,146,82,-0.11,13406800
1170,0.151,0.0066,44,41,14,5,159,188,-0.18,13383300
1171,0.4981,0.0057,36,45,19,5,122,112,0.21,13411400
1172,0.5074,0.0048,4,78,17,5,119,54,-0.01,13409700
1173,0.6426,0.0036,10,81,9,5,101,41,0.03,13414000
1174,0.1812,0.0033,63,18,18,5,114,50,-0.17,13391000
1175,0.1978,0.0033,98,2,0,5,72,67,0,13390400
1176,0.4161,0.0031,14,68,18,5,173,55,0.06,13399100
1177,-0.1289,0.0038,35,36,29,5,106,71,-0.22,13369200
1178,-0.0171,0.0043,62,35,3,5,113,92,0,13369700
1179,-0.15,0.0053,100,0,0,5,99,65,-0.14,13350400
1180,0.0147,0.0059,65,35,0,5,147,34,0.04,13355900
1181,0.1994,0.0061,67,32,1,5,63,31,0.1,13369500
1182,0.4489,0.0061,98,0,2,5,123,47,0.15,13389100
1183,0.4197,0.0061,11,89,0,5,38,38,-0.02,13386200
1184,0.4602,0.006,8,38,54,5,103,89,0.02,13388500
1185,0.4845,0.0057,2,7,91,5,65,168,0.01,13389200
1186,0.2727,0.0058,37,42,21,5,105,46,-0.14,13371100
1187,0.227,0.0058,19,36,45,5,95,144,-0.04,13365300
1188,0.1645,0.0056,53,12,35,5,114,23,-0.05,13358400
1189,-0.502,0.0136,81,10,9,5,808,388,-1.26,13190700
1190,-0.1631,0.0171,81,0,19,5,425,77,0.17,13212600
1191,0.0631,0.0183,75,25,0,5,227,49,0.28,13249000
1192,0.0855,0.0194,56,32,11,5,120,51,-0.07,13240000
1193,-0.0967,0.0226,90,4,6,5,263,141,-0.64,13154800
1194,0.0909,0.024,71,29,0,5,189,61,0.3,13193700
1195,0.2123,0.0245,65,21,14,5,111,47,0.22,13222500
1196,0.2728,0.0243,1,53,46,5,202,84,0.09,13234400
1197,0.3298,0.0243,52,48,0,5,78,41,0.09,13246900
1198,0.3605,0.024,19,63,18,5,98,27,0.03,13251400
1199,0.3925,0.0239,29,71,0,5,53,15,0.04,13257200
1200,0.4348,0.0235,43,52,4,5,75,21,0.07,13266500
1201,0.443,0.0228,43,57,0,5,71,98,-0.02,13264300
1202,0.4193,0.0217,46,2,52,5,88,26,-0.1,13251500
1203,0.4244,0.0203,22,0,78,5,88,37,-0.03,13247400
1204,0.2679,0.019,67,27,6,5,160,88,-0.36,13200000
1205,0.3464,0.0168,51,0,49,5,98,24,0.12,13215400
1206,0.4057,0.0146,6,93,1,5,72,34,0.07,13224000
1207,0.4349,0.0119,100,0,0,5,50,16,0.01,13225000
1208,0.688,0.0085,76,21,3,5,63,10,0.2,13251000
1209,0.7234,0.0082,64,11,26,5,92,17,0.05,13257500
1210,0.989,0.009,84,16,0,5,143,37,0.29,13295900
1211,1.0407,0.0104,76,21,3,5,99,54,0.14,13314900
1212,0.8913,0.0111,48,15,37,5,116,49,-0.1,13301300
1213,0.9271,0.01,56,1,44,5,89,42,0.05,13308200
1214,0.8547,0.0097,41,9,50,5,112,95,-0.04,13302600
1215,1.0544,0.0109,62,20,19,5,144,53,0.31,13343400
1216,1.0632,0.0126,61,39,0,5,121,52,0.15,13363300
1217,1.0037,0.0141,49,51,0,5,116,22,0.05,13369500
1218,0.6845,0.0142,68,1,31,5,181,184,-0.42,13313300
1219,0.8765,0.015,88,5,7,5,106,17,0.34,13358700
1220,0.7049,0.0152,44,15,41,5,89,62,-0.23,13328200
1221,0.6199,0.0152,41,37,22,5,88,23,-0.11,13313500
1222,0.6113,0.0151,39,12,50,5,81,71,0.01,13314700
1223,0.6101,0.0148,25,1,74,5,89,37,0.02,13317600
1224,0.706,0.0135,43,0,57,5,83,48,0.17,13339900
1225,0.5872,0.0121,42,7,51,5,76,53,-0.13,13322300
1226,0.5116,0.0106,44,1,55,5,115,50,-0.06,13314400
1227,0.4309,0.0088,11,57,32,5,118,36,-0.04,13308900
1228,0.0129,0.0084,100,0,0,5,73,46,-0.34,13263300
1229,-0.097,0.0087,92,8,0,5,128,31,-0.12,13248000
1230,-0.1712,0.0109,51,34,15,5,132,53,-0.24,13215900
1231,-0.0056,0.0123,33,65,2,5,115,31,0.08,13226000
1232,0.2146,0.0127,70,15,15,5,96,50,0.24,13258200
1233,0.1969,0.0132,52,3,45,5,78,95,-0.06,13250200
1234,0.2011,0.0138,44,56,0,5,116,64,-0.03,13246000
1235,0.5577,0.0135,80,15,5,5,120,28,0.48,13309400
1236,0.4877,0.0127,13,14,73,5,101,71,-0.12,13293500
1237,0.5637,0.0117,5,75,20,5,70,58,0.06,13302100
1238,0.2533,0.0119,61,0,39,5,67,80,-0.39,13250000
1239,0.4197,0.0109,73,11,16,5,44,3,0.17,13273100
1240,0.3157,0.0107,49,27,24,5,38,5,-0.14,13255000
1241,0.2452,0.0107,68,0,32,5,95,48,-0.1,13241200
1242,0.5005,0.0104,22,27,50,5,54,30,0.26,13275600
1243,0.4877,0.01,63,34,3,5,101,34,-0.03,13271600
1244,0.6335,0.0089,1,95,4,5,51,56,0.11,13286400
1245,0.5738,0.0082,42,21,37,5,64,62,-0.08,13276300
1246,0.9142,0.0082,79,20,1,5,128,153,0.28,13313200
1247,1.0567,0.0089,71,0,29,5,181,99,0.17,13335600
1248,0.9602,0.0099,7,14,80,5,168,127,-0.02,13333200
1249,0.7332,0.0099,50,0,50,5,137,92,-0.2,13306700
1250,0.941,0.0099,98,1,1,5,89,20,0.25,13339900
1251,0.9001,0.0097,38,60,1,5,91,54,0,13339600
1252,0.4955,0.0095,99,1,1,5,100,46,-0.38,13288800
1253,0.5373,0.0091,24,0,76,5,57,13,0.06,13296200
1254,0.8119,0.0089,52,48,0,5,89,57,0.28,13333100
1255,0.7649,0.0092,29,38,33,5,37,14,-0.03,13329300
1256,0.8265,0.0096,50,42,8,5,55,9,0.09,13341100
1257,0.7719,0.0099,11,81,8,5,44,10,-0.03,13337000
1258,0.6246,0.0093,66,0,34,5,93,48,-0.13,13320100
1259,0.4968,0.0091,25,54,21,5,124,55,-0.11,13305900
1260,0.4744,0.0083,5,95,0,5,67,69,0,13306000
1261,0.5083,0.0069,21,74,5,5,71,15,0.05,13313200
1262,0.285,0.0066,18,41,42,5,89,17,-0.14,13294600
1263,0.2427,0.0061,4,49,47,5,103,34,-0.01,13293700
1264,-0.2797,0.0082,95,5,0,5,185,54,-0.51,13226000
1265,0.0255,0.0087,26,28,46,5,134,39,0.22,13255200
1266,-0.0471,0.0101,69,10,21,5,66,47,-0.17,13232800
1267,0.1588,0.0104,1,59,40,5,85,30,0.17,13255000
1268,0.2156,0.0106,26,0,74,5,39,55,0.03,13258600
1269,0.1111,0.0113,80,0,20,5,49,26,-0.17,13236600
1270,0.1072,0.0117,49,1,50,5,87,71,-0.06,13228600
1271,0.4237,0.0112,90,0,10,5,116,69,0.35,13275000
1272,0.426,0.0112,16,63,21,5,75,72,0,13274600
1273,0.2489,0.0115,66,34,0,5,47,117,-0.23,13244700
1274,0.2735,0.0112,19,37,45,5,98,109,0,13244900
1275,0.3571,0.0108,7,92,1,5,72,19,0.07,13254500
1276,0.2066,0.0101,95,5,0,5,71,30,-0.18,13230000
1277,0.5193,0.009,100,0,0,5,106,24,0.29,13268200
1278,0.3668,0.0082,99,1,0,5,54,66,-0.15,13247800
1279,0.6966,0.0078,98,0,2,5,114,26,0.25,13281300
1280,0.6789,0.0072,41,59,0,5,49,12,-0.03,13276700
1281,0.4078,0.0062,85,15,0,5,54,34,-0.21,13248800
1282,0.6472,0.0057,76,24,0,5,95,67,0.13,13266000
1283,0.8545,0.0053,36,47,17,5,72,32,0.1,13279000
1284,0.4898,0.0049,41,12,47,5,31,12,-0.18,13255000
1285,0.4943,0.0049,1,0,99,5,44,51,0,13255300
1286,0.3791,0.0047,25,1,75,5,64,52,-0.05,13249000
1287,0.834,0.0049,74,26,0,5,49,20,0.23,13279400
1288,0.7335,0.005,17,83,0,5,53,104,-0.04,13274000
1289,0.5207,0.0048,41,27,32,5,57,33,-0.1,13261000
1290,0.8745,0.0045,86,0,14,5,61,21,0.18,13285100
1291,0.6516,0.0045,12,71,17,5,25,47,-0.1,13271400
1292,1.096,0.0053,65,17,18,5,127,63,0.26,13305700
1293,1.1963,0.0067,48,15,38,5,133,38,0.18,13329600
1294,0.9875,0.0072,38,2,60,5,62,77,-0.08,13318500
1295,1.0065,0.008,74,11,15,5,36,72,0.08,13329600
1296,0.8297,0.0078,21,35,44,5,66,49,-0.12,13313700
1297,0.871,0.0082,30,53,17,5,74,20,0.07,13322900
1298,0.8333,0.0082,1,98,1,5,69,33,0,13322700
1299,0.603,0.0083,98,1,1,5,63,16,-0.18,13298400
1300,0.4745,0.0082,24,42,34,5,167,72,-0.1,13284700
1301,0.3542,0.0079,22,50,28,5,76,22,-0.08,13273500
1302,0.5035,0.0077,34,21,45,5,140,68,0.13,13290300
1303,0.7785,0.0079,40,7,53,5,132,111,0.23,13321400
1304,1.0148,0.0085,49,22,30,5,177,50,0.25,13355300
1305,0.9552,0.0088,2,64,35,5,126,31,0,13355400
1306,0.1543,0.0084,85,2,13,5,155,64,-0.68,13264000
1307,-0.0579,0.0096,99,1,0,5,123,38,-0.27,13228700
1308,0.1472,0.01,22,74,4,5,61,29,0.18,13252200
1309,0.2729,0.0099,19,26,55,5,114,37,0.13,13269800
1310,0.341,0.0099,25,27,47,5,51,4,0.06,13278300
1311,0.2764,0.01,28,23,48,5,23,5,-0.07,13269600
1312,0.6404,0.01,44,56,0,5,62,24,0.37,13318600
1313,0.7099,0.01,58,24,18,5,40,12,0.07,13327700
1314,0.4865,0.0099,16,26,58,5,25,8,-0.23,13296900
1315,0.4988,0.0097,87,0,13,5,36,41,0,13296900
1316,0.5284,0.0096,50,44,6,5,60,14,0.02,13300000
1317,0.3213,0.0096,38,62,0,5,108,35,-0.22,13271000
1318,0.3487,0.0095,3,81,16,5,70,27,0.01,13272200
1319,0.1406,0.01,99,1,0,5,32,35,-0.24,13240500
1320,0.5808,0.01,69,0,31,5,89,65,0.45,13299900
1321,0.5726,0.01,15,85,0,5,48,17,0,13300100
1322,0.5681,0.01,0,29,71,5,75,35,0,13300000
1323,0.5421,0.0098,45,55,0,5,55,43,-0.04,13295100
1324,0.4815,0.0087,16,45,38,5,130,20,-0.08,13283900
1325,0.6825,0.0074,45,52,3,5,95,44,0.13,13301200
1326,0.833,0.0076,52,47,1,5,139,32,0.14,13319800
1327,0.8963,0.007,18,55,27,5,89,22,0.06,13327800
1328,0.8087,0.0067,13,45,42,5,77,30,-0.04,13322100
1329,0.5805,0.0065,88,0,12,5,83,35,-0.14,13303200
1330,0.6982,0.0065,44,0,56,5,67,24,0.09,13315200
1331,0.7896,0.0064,40,52,8,5,66,26,0.08,13325600
1332,0.6344,0.0063,25,1,74,5,90,38,-0.1,13311900
1333,0.5749,0.0061,19,69,11,5,90,132,-0.05,13305500
1334,0.3501,0.0061,8,1,91,5,82,31,-0.14,13286700
1335,0.1237,0.0065,61,6,33,5,47,34,-0.17,13264600
1336,0.1596,0.0069,3,0,97,5,50,31,0,13264400
1337,-0.0171,0.0076,65,5,30,5,207,56,-0.17,13242000
1338,0.0236,0.0083,7,0,93,5,69,22,-0.01,13240200
1339,0.0249,0.0083,100,0,0,5,48,16,0,13240300
1340,0.2681,0.0084,30,52,18,5,45,15,0.18,13264700
1341,0.2754,0.0086,49,46,5,5,72,27,-0.01,13263200
1342,0.3199,0.0087,7,48,45,5,162,37,0.02,13266400
1343,0.1503,0.0092,54,4,42,5,106,42,-0.18,13242000
1344,0.2394,0.0094,23,1,76,5,55,13,0.06,13250200
1345,0.3747,0.0094,70,0,30,5,39,17,0.11,13265400
1346,0.4681,0.009,71,29,0,5,57,14,0.07,13275000
1347,0.4467,0.0084,48,0,52,5,28,17,-0.04,13270000
1348,0.4631,0.0078,4,94,3,5,58,50,0,13269500
1349,0.7148,0.0076,56,34,10,5,83,65,0.19,13294600
1350,0.4064,0.0071,65,0,35,5,70,43,-0.25,13261400
1351,0.2055,0.0062,84,5,11,5,66,30,-0.15,13241900
1352,0.549,0.0053,50,20,30,5,134,91,0.19,13267200
1353,0.3052,0.0045,25,44,31,5,67,21,-0.13,13249300
1354,0.5811,0.0042,39,54,7,5,84,127,0.11,13264300
1355,1.3247,0.0063,85,14,1,5,175,65,0.51,13332500
1356,1.1484,0.0079,5,61,34,5,60,28,0.02,13334500
1357,0.9729,0.0085,28,71,1,5,69,23,-0.08,13324400
1358,1.0034,0.0093,42,58,1,5,49,14,0.1,13338000
1359,0.9208,0.0097,9,90,1,5,87,18,-0.02,13334900
1360,0.4985,0.0097,62,0,38,5,136,31,-0.4,13281100
1361,0.4975,0.0096,4,0,96,5,60,42,0.01,13281900
1362,0.4464,0.0095,22,0,78,5,65,147,-0.05,13275900
1363,0.622,0.0092,63,30,7,5,36,16,0.19,13300500
1364,0.4387,0.0089,38,12,50,5,19,56,-0.15,13279900
1365,0.413,0.0088,11,0,89,5,26,126,-0.02,13277600
1366,0.3601,0.0088,66,30,4,5,49,25,-0.05,13271200
1367,0.6188,0.0088,86,0,14,5,96,108,0.24,13303000
1368,0.466,0.0087,38,48,14,5,100,46,-0.13,13286100
1369,0.3416,0.0087,73,26,1,5,51,21,-0.12,13270400
1370,0.3147,0.0087,12,12,76,5,68,70,-0.02,13267800
1371,0.0193,0.0089,75,2,24,5,151,31,-0.27,13231500
1372,0.1013,0.0095,16,29,55,5,81,26,0.04,13236900
1373,0.1374,0.0097,71,1,28,5,39,13,0.02,13240100
1374,0.1002,0.0102,56,0,44,5,12,5,-0.07,13230500
1375,0.092,0.0105,28,10,63,5,57,21,-0.06,13222700
1376,0.1095,0.0105,11,33,56,5,84,37,-0.02,13219500
1377,0.0951,0.0106,5,1,94,5,57,190,-0.06,13211000
1378,0.116,0.0101,4,0,96,5,64,98,-0.01,13210200
1379,0.2316,0.009,9,91,0,5,49,41,0.1,13224000
1380,0.0892,0.0096,42,0,58,5,118,87,-0.18,13200000
1381,0.1497,0.0099,100,0,0,5,48,19,0.02,13202300
1382,0.1706,0.0101,15,0,85,5,56,27,-0.02,13200000
1383,0.1446,0.0099,23,35,42,5,55,11,-0.06,13192200
1384,0.3733,0.0096,44,42,14,5,39,43,0.21,13219800
1385,0.3461,0.0092,43,56,1,5,42,6,-0.04,13213900
1386,0.4737,0.0088,65,18,17,5,67,33,0.1,13227400
1387,0.5253,0.0072,15,84,1,5,63,82,0.01,13229200
1388,0.4356,0.006,19,16,65,5,48,17,-0.08,13218300
1389,0.7166,0.0051,97,0,3,5,30,42,0.14,13236300
1390,0.3399,0.004,66,0,34,5,92,37,-0.2,13210300
1391,0.8623,0.0042,100,0,0,5,27,19,0.22,13239100
1392,0.9011,0.0043,11,86,2,5,49,18,0.02,13242100
1393,0.8627,0.0043,6,94,0,5,48,21,-0.02,13239900
1394,0.6333,0.0042,28,72,0,5,37,14,-0.1,13226700
1395,0.2103,0.0044,78,0,22,5,57,17,-0.19,13201400
1396,0.1572,0.0046,20,0,80,5,36,41,-0.04,13196100
1397,0.6422,0.0046,28,72,0,5,53,32,0.23,13226500
1398,1.1278,0.0056,51,28,21,5,208,37,0.31,13267400
1399,1.4065,0.0101,84,1,15,5,309,50,0.61,13348400
1400,1.0877,0.0118,60,6,34,5,145,47,-0.17,13325100
1401,1.0303,0.0133,39,10,51,5,108,35,0.06,13333100
1402,1.0717,0.0153,77,23,0,5,136,58,0.23,13363600
1403,0.9731,0.0164,9,67,23,5,115,33,-0.03,13359100
1404,0.7249,0.0166,26,34,40,5,87,26,-0.37,13310100
1405,0.7381,0.0166,37,20,43,5,82,34,0.06,13318500
1406,0.7736,0.017,40,59,1,5,95,49,0.11,13332800
1407,0.6489,0.0169,6,53,41,5,65,8,-0.18,13308500
1408,0.6293,0.0165,8,9,83,5,283,115,0,13308000
1409,0.6064,0.0163,3,51,46,5,131,38,-0.01,13306200
1410,0.6319,0.0156,38,55,7,5,58,8,0.07,13315800
1411,0.4139,0.0153,58,25,17,5,148,41,-0.32,13272600
1412,0.4545,0.0149,73,2,25,5,56,50,0.08,13283100
1413,0.3559,0.0146,28,43,29,5,146,109,-0.13,13265400
1414,0.3405,0.014,0,69,30,5,145,126,0,13265600
1415,0.176,0.013,54,22,23,5,55,16,-0.18,13241200
1416,0.1827,0.0115,20,80,0,5,101,32,0.08,13251600
1417,0.3471,0.0104,60,38,3,5,61,22,0.23,13281700
1418,0.1955,0.0105,0,58,42,5,43,10,-0.16,13259800
1419,0.1348,0.0107,53,0,47,5,42,7,-0.11,13245500
1420,0.0345,0.0116,80,1,19,5,93,27,-0.19,13220200
1421,0.0204,0.0126,40,0,60,5,80,35,-0.11,13205700
1422,0.0941,0.0122,39,61,0,5,67,20,0.05,13212200
1423,0.0415,0.012,55,0,45,5,120,26,-0.12,13197000
1424,0.1191,0.0125,16,0,84,5,44,25,0.03,13201600
1425,0.2505,0.0122,77,9,14,5,53,39,0.13,13219200
1426,0.4222,0.0112,99,0,1,5,73,38,0.19,13243700
1427,0.2924,0.0108,89,9,2,5,56,26,-0.17,13221300
1428,0.3622,0.0101,40,0,60,5,47,19,0.05,13228500
1429,0.4256,0.0092,28,21,50,5,84,22,0.04,13234200
1430,0.4761,0.0077,63,0,37,5,117,99,0.02,13236900
1431,0.589,0.0074,33,12,56,5,53,13,0.07,13246800
1432,0.904,0.0072,46,12,43,5,104,83,0.22,13276500
1433,0.9914,0.0078,43,3,55,5,86,23,0.1,13289900
1434,1.0244,0.0087,13,87,0,5,93,14,0.08,13301000
1435,0.9375,0.0095,91,0,9,5,90,11,-0.02,13298500
1436,0.7406,0.0097,17,76,7,5,128,87,-0.17,13275700
1437,0.8145,0.0098,64,7,29,5,32,7,0.08,13285700
1438,0.4925,0.0097,76,24,0,5,96,58,-0.32,13243200
1439,0.5766,0.0097,36,44,20,5,97,34,0.09,13254500
1440,0.5456,0.0096,13,55,31,5,67,35,-0.02,13252000
1441,0.5854,0.0092,35,65,0,5,98,70,0.06,13259300
1442,0.8247,0.0093,67,21,12,5,88,15,0.25,13292800
1443,0.485,0.0084,98,2,0,5,70,22,-0.29,13254100
1444,0.6477,0.0076,53,36,11,5,51,13,0.15,13274300
1445,1.1085,0.0085,70,29,1,5,223,106,0.45,13334000
1446,0.7711,0.0087,58,38,4,5,86,47,-0.26,13299100
1447,1.0285,0.0092,96,0,4,5,119,78,0.29,13338300
1448,0.8555,0.0091,85,0,15,5,105,68,-0.13,13321600
1449,0.7988,0.009,85,0,15,5,95,85,-0.03,13318200
1450,0.945,0.0092,100,0,0,5,80,130,0.18,13342200
1451,0.7231,0.0089,56,0,44,5,52,16,-0.18,13317900
1452,0.7041,0.009,1,0,99,5,63,66,0,13318000
1453,0.6873,0.0092,1,49,50,5,74,26,0,13317700
1454,0.5243,0.0091,64,3,32,5,72,18,-0.15,13297700
1455,0.5411,0.0092,38,13,50,5,48,27,0.02,13299800
1456,0.5966,0.0091,8,74,18,5,93,17,0.06,13308100
1457,0.367,0.0091,51,1,48,5,61,69,-0.21,13280000
1458,0.4699,0.0084,7,93,0,5,70,136,0.12,13295400
1459,0.3414,0.0079,46,5,49,5,51,21,-0.09,13283600
1460,0.4536,0.0071,19,81,0,5,66,70,0.11,13298100
1461,0.6335,0.0065,78,19,2,5,85,67,0.14,13317000
1462,0.5368,0.0065,36,38,25,5,52,42,-0.06,13309400
1463,0.1686,0.0057,31,49,20,5,74,22,-0.2,13282700
1464,0.2085,0.0054,18,14,68,5,134,31,0.04,13287500
1465,0.9138,0.0055,54,39,7,5,272,194,0.39,13338700
1466,-0.0544,0.0063,92,0,8,5,221,125,-0.59,13260000
1467,0.3918,0.006,49,14,38,5,234,77,0.27,13295900
1468,0.0539,0.0064,59,0,41,5,121,41,-0.24,13263600
1469,0.5826,0.0063,49,51,0,5,82,28,0.33,13308000
1470,0.3742,0.0057,28,57,16,5,92,33,-0.14,13288900
1471,0.1366,0.0059,31,2,66,5,52,20,-0.16,13267600
1472,0.419,0.0057,32,68,0,5,84,82,0.16,13288300
1473,0.0951,0.0059,76,0,24,5,121,70,-0.21,13260000
1474,0.1637,0.0061,82,8,9,5,64,22,0.02,13262300
1475,0.494,0.0061,69,31,0,5,67,27,0.2,13288700
1476,0.4617,0.006,12,41,47,5,59,25,-0.03,13285000
1477,1.1699,0.0075,84,16,0,5,145,144,0.56,13359000
1478,1.0097,0.0085,19,80,0,5,47,10,-0.05,13352500
1479,0.7982,0.0088,16,28,56,5,63,18,-0.15,13332200
1480,0.7745,0.0091,0,44,56,5,48,23,0,13332200
1481,0.7165,0.0092,54,46,0,5,66,45,-0.05,13325900
1482,0.5032,0.0092,78,3,19,5,56,15,-0.2,13299300
1483,0.5316,0.0091,15,0,85,5,56,21,0.03,13303800
1484,0.2303,0.0094,69,28,2,5,200,57,-0.29,13265300
1485,0.2978,0.0091,40,0,60,5,66,145,0.04,13271000
1486,0.4055,0.0088,32,0,68,5,66,20,0.11,13285700
1487,0.3013,0.009,51,4,45,5,115,91,-0.1,13271900
1488,0.3273,0.0088,35,15,50,5,38,92,0.03,13276000
1489,0.3626,0.0088,2,31,66,5,27,7,0.02,13278600
1490,0.4853,0.0088,67,0,33,5,54,65,0.11,13293200
1491,0.3636,0.0087,84,16,1,5,79,47,-0.1,13279800
1492,0.5164,0.0087,73,27,0,5,66,25,0.14,13297900
1493,0.4999,0.0083,23,77,0,5,24,10,0,13297900
1494,0.3162,0.008,18,10,72,5,108,96,-0.14,13279100
1495,0.3587,0.0081,22,0,78,5,65,95,0.03,13283300
1496,0.4211,0.008,27,54,19,5,65,73,0.05,13290300
1497,0.1523,0.0073,99,1,0,5,73,60,-0.23,13260200
1498,0.2249,0.0062,71,27,2,5,77,30,0.05,13266700
1499,0.3995,0.0055,46,29,25,5,57,20,0.1,13279500
1500,0.3676,0.0046,36,43,22,5,51,29,-0.03,13276000
1501,0.5187,0.0036,40,17,43,5,54,21,0.05,13282800
1502,0.5106,0.0034,8,1,92,5,66,16,-0.01,13281500
1503,0.0641,0.0032,99,0,0,5,96,28,-0.16,13260100
1504,0.2839,0.0032,7,93,0,5,85,133,0.07,13270000
1505,0.1535,0.0033,28,3,70,5,83,36,-0.05,13263600
1506,-0.1394,0.004,61,5,34,5,82,29,-0.16,13242500
1507,0.2928,0.0041,48,48,4,5,122,23,0.17,13265000
1508,0.2356,0.0042,13,59,28,5,47,18,-0.03,13260700
1509,0.2402,0.0043,55,0,45,5,53,15,-0.01,13259600
