BBPW,BBW,IntervalInMinute,TC,V,PCP
0.2914,0.0123,5,78,36,-0.25
0.4474,0.0121,5,50,17,0.2
0.6476,0.0106,5,74,15,0.26
0.5362,0.0099,5,90,177,-0.1
0.7339,0.0101,5,89,53,0.22
0.5908,0.0101,5,61,32,-0.14
0.5282,0.0101,5,30,9,-0.06
0.452,0.0092,5,62,19,-0.05
0.4307,0.0086,5,73,132,0
0.4694,0.008,5,39,65,0.05
0.1261,0.008,5,53,42,-0.27
0.2572,0.0081,5,40,69,0.1
0.2767,0.0083,5,18,35,0
0.7281,0.0084,5,72,26,0.39
0.7741,0.0084,5,62,14,0.03
1.2077,0.0089,5,117,44,0.4
1.0761,0.0104,5,67,89,0
0.9159,0.0111,5,63,108,-0.12
0.834,0.0117,5,36,124,-0.06
0.5974,0.0116,5,58,23,-0.26
0.6248,0.0107,5,22,4,0.05
0.6052,0.0104,5,53,20,0
0.4592,0.0103,5,15,7,-0.15
0.3436,0.0103,5,23,8,-0.12
0.5063,0.0103,5,27,8,0.17
0.3338,0.0104,5,51,11,-0.18
0.3143,0.0105,5,55,20,-0.02
0.2619,0.0106,5,31,19,-0.06
0.1881,0.0109,5,84,44,-0.09
0.1945,0.0112,5,30,6,-0.02
0.1163,0.0113,5,29,12,-0.09
0.2455,0.0113,5,44,13,0.15
0.1819,0.0115,5,79,33,-0.08
0.4317,0.0115,5,67,20,0.28
0.7162,0.0116,5,113,35,0.34
0.4935,0.0106,5,33,15,-0.29
0.5523,0.0093,5,49,13,0.03
0.7751,0.0085,5,58,24,0.17
1.0812,0.009,5,109,125,0.29
1.1309,0.0109,5,103,14,0.19
0.921,0.0117,5,53,18,-0.18
0.8535,0.0123,5,15,5,-0.04
0.9221,0.0133,5,39,25,0.16
0.7816,0.0137,5,55,16,-0.15
0.8632,0.0145,5,43,9,0.17
0.7155,0.0147,5,39,11,-0.18
0.4822,0.0145,5,62,17,-0.33
0.4349,0.0141,5,74,41,-0.05
0.4395,0.0135,5,48,34,0.03
0.5261,0.0127,5,73,35,0.14
0.6563,0.0115,5,68,39,0.19
0.6123,0.0105,5,54,51,-0.03
0.4884,0.0088,5,52,13,-0.1
0.255,0.0083,5,75,46,-0.18
0.1198,0.0088,5,133,87,-0.15
0.0279,0.0092,5,56,19,-0.11
0.3297,0.0089,5,43,21,0.29
0.1823,0.0093,5,48,30,-0.15
0.4207,0.0091,5,61,51,0.21
0.4412,0.0085,5,34,39,0
0.2118,0.0085,5,24,15,-0.22
0.2472,0.0085,5,66,27,0.01
0.2788,0.0079,5,51,15,0.01
0.1629,0.0079,5,69,111,-0.12
0.0605,0.0072,5,88,20,-0.09
0.1724,0.0068,5,30,4,0.06
0.0725,0.0074,5,36,9,-0.11
0.3463,0.0075,5,80,37,0.2
0.4621,0.0075,5,48,24,0.08
0.6703,0.0074,5,49,69,0.15
0.7012,0.0067,5,34,60,0
0.7392,0.006,5,64,17,0
0.9772,0.0061,5,81,101,0.15
0.9562,0.0066,5,34,38,0.02
0.5015,0.0066,5,100,67,-0.3
0.4068,0.0064,5,30,40,-0.05
0.4109,0.0064,5,37,59,-0.01
0.5664,0.0064,5,48,54,0.1
0.6346,0.0062,5,51,22,0.04
0.6553,0.0061,5,48,31,0.01
0.6108,0.0061,5,41,11,-0.02
0.6393,0.0062,5,61,21,0.03
0.9142,0.0066,5,66,15,0.21
1.036,0.0074,5,82,26,0.15
1.2326,0.0092,5,213,52,0.33
1.3227,0.0134,5,442,171,0.5
1.1639,0.016,5,237,68,0.04
1.0432,0.018,5,115,117,-0.01
1.0141,0.02,5,106,109,0.13
0.8862,0.0213,5,81,15,-0.15
0.9021,0.0226,5,95,44,0.15
0.7547,0.0229,5,45,24,-0.27
0.7961,0.0236,5,69,23,0.17
0.7965,0.0243,5,79,25,0.08
0.7126,0.024,5,53,10,-0.15
0.659,0.023,5,51,71,-0.08
0.6582,0.0218,5,82,44,0.04
0.7531,0.021,5,68,38,0.26
0.785,0.0202,5,101,33,0.12
0.7735,0.0189,5,47,10,0.02
0.6571,0.0165,5,60,18,-0.19
0.6338,0.0134,5,50,65,-0.01
0.677,0.0104,5,63,88,0.06
0.7575,0.0072,5,24,5,0.06
0.9043,0.0054,5,98,31,0.07
0.922,0.0057,5,79,18,0.04
0.8942,0.0061,5,86,43,0.02
0.6286,0.006,5,66,74,-0.15
0.938,0.0066,5,57,28,0.23
0.7935,0.0067,5,37,28,-0.07
1.1162,0.0081,5,190,167,0.33
1.0688,0.0087,5,45,18,0.04
0.9667,0.0094,5,68,23,-0.02
0.61,0.0094,5,79,47,-0.32
0.6633,0.009,5,90,38,0.07
0.5771,0.008,5,78,35,-0.06
0.5935,0.0071,5,69,46,0.03
0.4468,0.0069,5,56,44,-0.1
0.5232,0.0069,5,44,26,0.06
0.453,0.0068,5,71,63,-0.05
-0.2072,0.0085,5,310,88,-0.59
-0.2284,0.011,5,233,88,-0.23
-0.0158,0.0124,5,78,51,0.14
-0.034,0.0142,5,77,52,-0.16
0.1924,0.0148,5,83,92,0.28
0.2162,0.0153,5,89,17,-0.01
0.2334,0.0157,5,56,94,-0.01
0.1667,0.0165,5,159,48,-0.16
0.2855,0.0166,5,49,73,0.16
0.3013,0.0167,5,28,13,-0.01
0.2349,0.0163,5,72,23,-0.15
0.4422,0.015,5,74,21,0.31
0.3418,0.0136,5,61,26,-0.18
0.4222,0.0131,5,83,14,0.09
0.4477,0.0121,5,64,28,0.01
0.5322,0.0111,5,42,9,0.07
0.342,0.0099,5,71,25,-0.23
0.3889,0.0088,5,43,12,0.03
0.727,0.007,5,63,21,0.23
0.244,0.0046,5,73,35,-0.31
0.3133,0.0047,5,88,58,0.02
0.2301,0.0045,5,29,8,-0.03
0.1941,0.0046,5,45,33,-0.02
0.0889,0.0045,5,54,17,-0.04
-0.0078,0.0051,5,58,23,-0.09
0.1576,0.0053,5,63,14,0.06
-0.2283,0.0071,5,260,38,-0.37
-0.1503,0.0088,5,113,53,-0.08
0.2165,0.009,5,60,7,0.3
0.1886,0.0093,5,87,14,-0.06
0.3407,0.0094,5,38,42,0.13
0.317,0.0091,5,57,23,-0.04
0.3553,0.009,5,49,14,0.02
0.555,0.0087,5,40,87,0.17
0.4562,0.0083,5,68,29,-0.1
0.7109,0.0076,5,50,13,0.19
0.745,0.0077,5,71,14,0.03
0.7058,0.0076,5,47,29,-0.03
0.6825,0.0067,5,48,29,-0.05
0.7904,0.0068,5,47,19,0.08
0.9868,0.0075,5,67,26,0.18
0.8932,0.0079,5,29,8,-0.04
1.2126,0.0104,5,225,50,0.47
1.0011,0.0117,5,135,37,-0.12
1.1158,0.0142,5,107,108,0.33
0.8297,0.0148,5,92,57,-0.35
0.8569,0.0148,5,61,14,0.1
0.8075,0.0141,5,46,8,-0.04
0.6523,0.0137,5,88,43,-0.19
0.6311,0.013,5,84,21,0
0.6983,0.0127,5,80,18,0.12
0.5157,0.0119,5,76,21,-0.21
0.5076,0.011,5,41,10,0.02
0.6727,0.0106,5,47,18,0.2
1.0272,0.011,5,212,57,0.45
0.8884,0.0112,5,78,57,-0.1
0.9456,0.0118,5,106,21,0.13
0.8965,0.0118,5,76,31,-0.01
0.771,0.0111,5,47,23,-0.12
0.6928,0.0102,5,61,73,-0.07
0.7836,0.0099,5,109,182,0.12
0.7782,0.0094,5,106,168,0.02
0.6363,0.0094,5,83,131,-0.12
0.5408,0.0094,5,79,58,-0.08
0.4441,0.0092,5,50,34,-0.1
0.3567,0.0092,5,65,28,-0.08
0.4422,0.0092,5,40,45,0.08
0.3637,0.0092,5,79,18,-0.07
0.4297,0.0088,5,69,26,0.08
0.5959,0.0084,5,60,22,0.16
0.5314,0.0081,5,29,18,-0.04
0.5686,0.0071,5,34,16,0.05
0.2044,0.0061,5,44,105,-0.22
0.1471,0.0059,5,60,105,-0.03
0.0812,0.0061,5,141,43,-0.07
0.1075,0.0065,5,61,115,-0.02
-0.0299,0.0069,5,120,65,-0.14
0.1971,0.0065,5,23,6,0.14
-0.1616,0.0079,5,172,59,-0.36
-0.1224,0.0094,5,189,41,-0.1
0.2503,0.0092,5,135,24,0.33
0.43,0.0085,5,110,66,0.15
0.3309,0.0082,5,47,60,-0.1
0.6202,0.008,5,77,22,0.23
0.4278,0.008,5,86,16,-0.16
0.752,0.0082,5,39,12,0.27
0.6429,0.0081,5,55,20,-0.09
0.52,0.0081,5,65,66,-0.1
0.5212,0.0081,5,59,86,-0.01
0.5684,0.0076,5,84,153,0.02
0.6139,0.0072,5,70,35,0.02
0.6469,0.0066,5,115,37,0
0.7079,0.0066,5,71,23,0.04
0.6929,0.0067,5,54,32,-0.01
0.6524,0.0068,5,73,175,-0.02
0.6506,0.0068,5,45,67,0.01
0.4921,0.0067,5,34,18,-0.1
0.3399,0.0068,5,50,36,-0.11
0.3057,0.0059,5,32,20,0.01
0.0612,0.0042,5,69,25,-0.05
0.2282,0.004,5,57,16,0.08
0.3056,0.0041,5,73,31,0.03
0.3152,0.0039,5,55,35,0.01
0.0506,0.0042,5,49,41,-0.13
0.2139,0.0043,5,49,43,0.06
0.1038,0.0041,5,62,223,-0.06
0.5915,0.0039,5,34,56,0.19
0.0467,0.0043,5,40,50,-0.24
0.0092,0.0048,5,47,173,-0.05
0.0076,0.0052,5,84,83,-0.04
0.0706,0.0055,5,50,86,0
0.226,0.0055,5,38,98,0.07
0.2955,0.0052,5,65,16,0.03
0.2897,0.0049,5,80,115,-0.01
0.3095,0.0045,5,72,140,0
0.5426,0.0039,5,48,89,0.09
0.4267,0.0036,5,38,97,-0.05
0.6141,0.0036,5,86,24,0.07
0.9468,0.0039,5,72,38,0.14
0.7186,0.004,5,73,24,-0.08
0.9653,0.0043,5,52,127,0.12
0.928,0.0046,5,53,96,0
1.001,0.005,5,73,24,0.06
0.9343,0.0055,5,63,147,0
0.7021,0.0055,5,43,39,-0.12
0.6357,0.0056,5,55,15,-0.03
0.7947,0.0056,5,52,15,0.09
0.6191,0.0056,5,58,19,-0.09
0.6117,0.0054,5,56,11,0.01
0.7613,0.0051,5,51,18,0.09
0.5137,0.0046,5,28,6,-0.11
-0.2236,0.0057,5,267,85,-0.43
0.2398,0.0057,5,62,14,0.27
0.2424,0.0057,5,52,52,0
-0.1172,0.0067,5,50,17,-0.28
0.1521,0.007,5,30,6,0.16
0.1436,0.0074,5,50,43,-0.03
0.3928,0.0074,5,65,15,0.18
0.2812,0.0075,5,135,42,-0.1
0.1745,0.0078,5,65,10,-0.11
0.032,0.0085,5,176,55,-0.17
0.1104,0.0088,5,88,35,0.02
0.116,0.009,5,177,36,-0.03
0.1497,0.0089,5,63,16,0
0.3039,0.0087,5,45,13,0.12
0.3393,0.0085,5,41,8,0.01
0.6366,0.0079,5,66,17,0.23
0.2724,0.0076,5,115,43,-0.3
1.0803,0.0083,5,137,73,0.66
0.982,0.0083,5,67,59,-0.08
0.8042,0.0082,5,102,95,-0.15
0.8191,0.0085,5,151,56,0.04
0.9204,0.0091,5,43,39,0.13
0.9307,0.0099,5,61,36,0.06
0.5957,0.0097,5,83,20,-0.32
0.7626,0.01,5,40,9,0.19
0.7907,0.0103,5,61,13,0.06
0.6594,0.0104,5,77,18,-0.13
0.8253,0.0109,5,79,31,0.21
0.6604,0.0109,5,76,25,-0.16
0.5188,0.0103,5,154,23,-0.13
0.5042,0.0096,5,34,9,0.01
0.5237,0.0088,5,60,33,0.04
0.5318,0.0077,5,42,6,0.03
0.4727,0.0069,5,48,14,-0.02
0.0465,0.0066,5,71,32,-0.28
0.0801,0.007,5,82,48,0
-0.0507,0.0066,5,46,13,-0.06
0.1213,0.0067,5,156,43,0.08
-0.1039,0.0079,5,106,23,-0.25
0.4128,0.0079,5,117,66,0.4
0.3518,0.0079,5,123,196,-0.06
0.3144,0.0077,5,59,31,-0.05
0.6827,0.0073,5,95,67,0.27
0.5954,0.0074,5,67,43,-0.06
0.5812,0.0072,5,41,30,-0.02
0.3905,0.0069,5,41,9,-0.15
0.7463,0.0069,5,62,61,0.25
0.6803,0.0062,5,51,15,-0.07
0.3422,0.006,5,41,20,-0.22
0.4158,0.006,5,49,19,0.04
0.2824,0.0061,5,72,48,-0.09
0.3014,0.0061,5,89,26,0
0.136,0.0062,5,58,22,-0.13
0.0364,0.0066,5,29,17,-0.11
0.2042,0.0068,5,43,38,0.1
0.2546,0.0069,5,43,38,0.02
0.2467,0.007,5,29,51,-0.01
0.092,0.0076,5,109,81,-0.15
0.2114,0.0074,5,31,42,0.1
0.2215,0.0076,5,52,9,-0.01
0.163,0.0079,5,22,7,-0.07
0.126,0.0084,5,48,91,-0.07
0.3141,0.008,5,45,11,0.14
0.2336,0.0077,5,114,62,-0.08
0.0759,0.0077,5,32,15,-0.16
0.1226,0.008,5,35,43,0
0.3121,0.0068,5,121,88,0.14
0.3436,0.0056,5,48,13,0.01
0.2837,0.0053,5,35,6,-0.04
0.1934,0.0047,5,40,13,-0.05
-0.2458,0.0058,5,148,29,-0.32
-0.4484,0.0108,5,623,171,-0.66
-0.082,0.0126,5,273,131,0.24
-0.0435,0.0144,5,78,18,-0.1
0.0185,0.0158,5,115,158,-0.03
0.1007,0.0166,5,71,43,0.04
0.1071,0.0174,5,53,56,-0.08
0.0943,0.0185,5,59,17,-0.12
0.1131,0.0192,5,55,26,-0.06
0.2222,0.0192,5,69,26,0.15
0.2348,0.0192,5,38,16,-0.03
0.2124,0.0194,5,49,33,-0.1
0.306,0.0186,5,47,37,0.14
0.4047,0.0177,5,43,17,0.15
0.3917,0.017,5,25,8,-0.05
0.3062,0.0164,5,49,8,-0.18
0.3314,0.0149,5,53,28,0.01
0.2414,0.0131,5,133,31,-0.15
0.3938,0.0104,5,51,22,0.18
0.5985,0.0068,5,171,89,0.14
0.2377,0.0043,5,69,76,-0.22
0.6248,0.0043,5,64,33,0.17
1.0516,0.0046,5,81,99,0.2
0.8997,0.0048,5,109,74,-0.05
0.6857,0.0049,5,57,97,-0.1
0.8432,0.005,5,58,106,0.09
0.7247,0.0051,5,25,9,-0.05
0.8058,0.0052,5,25,11,0.06
0.8389,0.0052,5,61,112,0.04
0.6556,0.0052,5,56,75,-0.09
0.624,0.0052,5,36,64,-0.01
0.6667,0.0049,5,93,52,0.03
0.4488,0.0049,5,42,35,-0.11
0.7945,0.005,5,18,18,0.18
0.4567,0.0051,5,42,39,-0.17
0.4198,0.0048,5,38,13,-0.01
0.2753,0.0047,5,53,134,-0.06
0.5372,0.0038,5,78,148,0.14
0.5164,0.0035,5,47,59,0
0.7137,0.0036,5,60,102,0.08
0.9319,0.003,5,56,29,0.07
0.4447,0.0029,5,53,64,-0.14
1.0572,0.0032,5,22,4,0.2
0.5167,0.0031,5,36,9,-0.17
0.6513,0.0031,5,15,16,0.05
1.0116,0.0035,5,10,4,0.14
0.7708,0.0036,5,44,55,-0.08
0.7283,0.0037,5,39,51,-0.01
0.8202,0.0038,5,44,25,0.04
0.7946,0.004,5,65,31,0
0.7106,0.004,5,52,30,-0.03
0.687,0.0041,5,52,27,0
0.6688,0.0039,5,91,28,0
1.0385,0.0045,5,60,19,0.19
0.5967,0.0043,5,58,47,-0.19
1.3756,0.0066,5,281,99,0.58
1.2394,0.0083,5,91,23,0.08
1.0493,0.0094,5,95,76,-0.06
0.9255,0.0099,5,78,42,-0.06
0.9969,0.011,5,50,16,0.16
0.8489,0.0115,5,57,45,-0.11
0.8464,0.0117,5,52,38,0.04
0.8117,0.0121,5,59,81,0
0.9326,0.0126,5,70,26,0.22
0.4088,0.0122,5,116,37,-0.64
0.3844,0.0121,5,59,70,-0.02
0.9123,0.0126,5,223,210,0.71
0.832,0.0128,5,176,91,-0.05
0.6826,0.0124,5,126,29,-0.16
0.4676,0.0119,5,94,25,-0.25
0.2326,0.0115,5,84,27,-0.26
0.3202,0.0108,5,72,18,0.13
0.0508,0.0109,5,125,94,-0.3
0.2702,0.0108,5,68,56,0.24
0.1653,0.0104,5,42,19,-0.09
0.4215,0.0104,5,50,11,0.26
0.4327,0.0103,5,75,41,0
0.2367,0.0105,5,15,3,-0.23
0.4541,0.0105,5,56,51,0.22
0.5024,0.0102,5,51,48,0.04
0.5961,0.0101,5,59,36,0.09
0.4901,0.0099,5,86,122,-0.12
0.6162,0.0098,5,88,133,0.12
0.6252,0.0089,5,53,33,-0.02
0.4907,0.0088,5,42,23,-0.11
0.4143,0.0086,5,38,10,-0.06
0.5385,0.0074,5,101,96,0.08
0.7022,0.0062,5,53,26,0.08
0.4013,0.0055,5,76,212,-0.2
0.7141,0.0056,5,89,39,0.18
1.119,0.0065,5,151,66,0.31
1.191,0.0083,5,203,56,0.21
0.9963,0.0083,5,111,80,-0.12
0.8604,0.0085,5,51,14,-0.08
1.1373,0.0097,5,76,29,0.36
0.962,0.0107,5,86,17,-0.09
0.8858,0.0113,5,80,44,-0.03
1.1015,0.0127,5,518,128,0.39
1.037,0.0143,5,70,19,0.06
0.8637,0.0149,5,143,106,-0.18
0.799,0.0153,5,97,48,-0.05
0.8578,0.0158,5,125,192,0.16
0.8212,0.0162,5,78,54,0
0.7418,0.0162,5,59,80,-0.09
0.7595,0.0158,5,50,63,0.07
0.7721,0.0151,5,64,45,0.06
0.8071,0.0146,5,33,7,0.09
0.4959,0.0135,5,116,23,-0.42
0.5409,0.0111,5,35,8,0.1
0.6323,0.0091,5,32,26,0.12
0.6177,0.0082,5,61,35,0
0.4081,0.0079,5,55,17,-0.16
0.3792,0.0071,5,90,19,0
0.0545,0.0061,5,101,23,-0.17
0.0738,0.0065,5,36,15,-0.01
0.0794,0.0067,5,48,11,-0.01
0.0602,0.0069,5,76,33,-0.03
-0.0062,0.0076,5,29,11,-0.11
0.2229,0.0075,5,64,24,0.15
0.1195,0.008,5,26,10,-0.12
0.0533,0.0088,5,100,30,-0.11
-0.009,0.0096,5,62,41,-0.14
-0.0753,0.0109,5,75,34,-0.19
-0.0476,0.0123,5,58,10,-0.1
0.2073,0.0124,5,28,13,0.28
0.104,0.0125,5,50,48,-0.18
0.1901,0.0117,5,44,11,0.08
0.298,0.0118,5,39,19,0.1
0.318,0.0115,5,31,13,0
0.0915,0.0114,5,56,37,-0.31
0.0643,0.0112,5,50,18,-0.08
0.1348,0.011,5,71,23,0.04
0.1266,0.0107,5,48,26,-0.04
0.1469,0.0108,5,37,113,-0.02
0.1287,0.0108,5,60,94,-0.06
0.0891,0.0109,5,108,112,-0.09
0.1863,0.0106,5,59,26,0.08
0.0669,0.0109,5,60,13,-0.19
0.2258,0.0099,5,48,33,0.16
0.0966,0.0094,5,77,64,-0.16
0.1697,0.009,5,67,38,0.05
0.3142,0.0085,5,27,10,0.11
0.4409,0.0084,5,67,20,0.1
0.2747,0.0086,5,46,41,-0.16
0.4587,0.0078,5,45,20,0.14
0.2547,0.0077,5,31,12,-0.18
0.2054,0.0074,5,84,16,-0.06
0.0412,0.0068,5,183,95,-0.13
-0.0112,0.0057,5,70,40,-0.02
0.031,0.0059,5,80,27,-0.01
0.0303,0.0063,5,61,144,-0.04
0.0184,0.0066,5,41,69,-0.05
0.1661,0.0066,5,52,26,0.07
0.0217,0.0069,5,45,9,-0.14
0.0951,0.0072,5,106,112,0.01
0.128,0.0075,5,70,14,-0.01
-0.0445,0.0084,5,51,22,-0.21
0.1129,0.0089,5,36,10,0.09
0.3232,0.0087,5,65,30,0.17
0.3231,0.0088,5,97,18,-0.02
0.12,0.0092,5,131,53,-0.22
0.0681,0.0094,5,141,77,-0.1
0.07,0.0092,5,50,23,-0.03
0.1196,0.0092,5,46,45,0.01
0.2221,0.0081,5,69,152,0.09
0.2611,0.0074,5,61,129,0.02
0.1356,0.0071,5,64,15,-0.11
0.1759,0.007,5,98,36,0.01
0.5246,0.0066,5,59,58,0.23
0.239,0.0063,5,34,21,-0.2
0.5522,0.0059,5,25,6,0.19
0.6006,0.0057,5,111,94,0.02
0.6138,0.0051,5,73,25,-0.01
0.5325,0.0049,5,60,25,-0.05
0.5407,0.0046,5,60,65,-0.01
0.4131,0.0044,5,26,25,-0.07
0.6699,0.0044,5,81,44,0.12
0.6632,0.0044,5,36,44,0
0.9945,0.0044,5,106,54,0.15
0.8819,0.0043,5,88,20,-0.06
0.6555,0.0043,5,71,10,-0.09
0.7124,0.0042,5,81,50,0.03
1.1866,0.0051,5,113,61,0.29
0.6459,0.0049,5,63,28,-0.27
0.5644,0.0048,5,59,20,-0.03
0.5418,0.0047,5,34,9,-0.01
0.5418,0.0043,5,105,42,0.01
0.5199,0.0038,5,43,70,0
0.1831,0.004,5,117,55,-0.14
-0.1483,0.0044,5,93,42,-0.17
0.2743,0.0045,5,92,44,0.18
-0.1848,0.0058,5,94,58,-0.32
0.1311,0.0062,5,113,76,0.16
0.1111,0.0066,5,38,28,-0.04
0.4107,0.0067,5,69,23,0.2
0.5068,0.0066,5,25,14,0.07
0.3409,0.0067,5,35,29,-0.12
0.5654,0.0067,5,51,12,0.15
0.6083,0.0064,5,94,76,0.02
0.5777,0.0063,5,54,28,-0.03
0.6788,0.0064,5,31,12,0.07
0.6485,0.0064,5,28,8,-0.02
0.4346,0.0053,5,36,26,-0.15
0.1754,0.0054,5,64,26,-0.16
0.7328,0.0054,5,54,37,0.3
0.3299,0.0054,5,70,100,-0.23
0.4871,0.0052,5,20,5,0.08
0.428,0.0051,5,37,6,-0.04
0.5568,0.0051,5,49,15,0.07
0.4843,0.0049,5,35,22,-0.03
0.6548,0.0049,5,72,21,0.09
0.5663,0.0041,5,63,33,-0.03
0.4856,0.0038,5,42,38,-0.02
0.3636,0.0033,5,30,5,-0.03
0.7586,0.0034,5,21,23,0.14
1.0209,0.0039,5,52,14,0.12
1.0567,0.0044,5,15,1,0.06
0.9737,0.0049,5,36,5,0
0.7762,0.005,5,18,13,-0.09
0.3984,0.005,5,16,19,-0.19
0.7729,0.0051,5,4,0,0.19
0.4153,0.0051,5,59,26,-0.19
0.7971,0.0052,5,24,12,0.21
0.7333,0.0048,5,57,74,-0.02
0.6994,0.0049,5,45,17,-0.01
0.4391,0.0046,5,34,11,-0.12
0.6776,0.0045,5,40,66,0.12
0.6613,0.0043,5,55,312,0
0.5684,0.0041,5,38,46,-0.03
0.7589,0.004,5,57,194,0.09
0.8445,0.0041,5,71,52,0.05
1.1509,0.0049,5,72,74,0.2
0.8953,0.005,5,29,49,-0.1
1.1865,0.0058,5,64,66,0.23
0.8397,0.006,5,17,18,-0.18
0.9575,0.0066,5,51,15,0.11
0.8707,0.007,5,36,12,-0.03
0.7853,0.0072,5,27,5,-0.04
0.7456,0.0074,5,60,14,-0.01
0.6747,0.007,5,51,11,-0.04
0.9954,0.0077,5,120,25,0.29
0.943,0.0077,5,9,3,0
0.9294,0.0083,5,56,21,0.04
0.7297,0.0082,5,46,65,-0.14
0.6965,0.008,5,40,161,-0.01
0.6787,0.0073,5,66,14,0
0.5873,0.0068,5,27,22,-0.05
0.6021,0.0062,5,26,9,0.02
0.7179,0.0053,5,55,15,0.08
0.6236,0.0046,5,52,16,-0.04
0.6948,0.004,5,32,6,0.04
0.6755,0.0039,5,51,19,0
0.5731,0.0035,5,57,28,-0.03
0.0379,0.0039,5,86,68,-0.21
0.5657,0.0037,5,49,37,0.21
0.836,0.0038,5,63,45,0.11
0.9076,0.0041,5,74,57,0.05
0.8791,0.0041,5,53,17,0.01
0.8898,0.0042,5,28,10,0.02
0.7906,0.0038,5,92,56,-0.03
0.9984,0.0043,5,32,4,0.11
1.1496,0.0053,5,91,50,0.15
1.0191,0.006,5,109,23,-0.02
0.9889,0.0066,5,74,21,0.04
1.0434,0.0075,5,52,10,0.11
0.9222,0.008,5,28,36,-0.04
0.6998,0.0079,5,77,61,-0.16
0.4592,0.0077,5,60,25,-0.18
0.2568,0.0078,5,47,27,-0.16
0.2813,0.0077,5,38,31,0.02
0.2231,0.0079,5,76,53,-0.05
0.2412,0.008,5,67,64,0.01
0.0007,0.0088,5,50,85,-0.25
0.139,0.0086,5,54,32,0.13
0.0789,0.0091,5,90,49,-0.09
0.1938,0.0095,5,113,40,0.08
0.187,0.0099,5,118,33,-0.04
0.2187,0.0103,5,43,14,0
0.2772,0.0105,5,44,14,0.04
0.2955,0.0106,5,81,45,0
0.18,0.011,5,46,13,-0.16
0.2693,0.0107,5,74,17,0.07
0.2528,0.0104,5,51,22,-0.04
0.13,0.0102,5,42,13,-0.16
0.3769,0.0086,5,54,36,0.23
0.2562,0.0068,5,32,11,-0.1
0.0935,0.0057,5,61,18,-0.1
0.0132,0.0054,5,139,30,-0.06
0.0546,0.0055,5,94,48,-0.01
-0.0114,0.0057,5,48,25,-0.07
0.133,0.0057,5,73,24,0.06
0.2425,0.0053,5,84,79,0.05
0.1853,0.0055,5,59,57,-0.05
0.0082,0.006,5,86,37,-0.14
0.5242,0.0059,5,90,40,0.3
0.7666,0.0058,5,49,28,0.14
0.3142,0.0057,5,78,22,-0.27
0.1434,0.0058,5,133,29,-0.12
0.169,0.0056,5,75,32,0
-0.0864,0.006,5,169,53,-0.2
-0.1499,0.0074,5,144,54,-0.16
-0.118,0.0086,5,197,71,-0.09
-0.059,0.0097,5,81,97,-0.05
-0.0066,0.0109,5,105,108,-0.04
-0.0305,0.0118,5,105,151,-0.13
0.0503,0.0126,5,125,146,0.02
0.0009,0.0139,5,270,65,-0.18
-0.063,0.016,5,338,79,-0.27
-0.1869,0.0202,5,475,145,-0.59
-0.0218,0.0228,5,490,316,0.12
0.0258,0.0249,5,338,75,-0.08
0.0239,0.027,5,113,18,-0.21
0.1425,0.0279,5,252,122,0.21
0.1,0.0294,5,125,130,-0.27
0.1682,0.0293,5,80,12,0.1
0.1668,0.0284,5,363,49,-0.09
0.108,0.0285,5,130,32,-0.29
0.1373,0.0283,5,120,43,-0.02
0.1164,0.0279,5,108,14,-0.16
0.1056,0.0279,5,522,140,-0.15
-0.1438,0.0324,5,906,222,-1.16
-0.1396,0.0379,5,724,224,-0.53
-0.1007,0.0433,5,667,159,-0.38
0.1022,0.0443,5,406,211,0.69
0.1085,0.0452,5,156,30,-0.18
0.1151,0.0456,5,247,113,-0.16
0.1433,0.0454,5,85,25,-0.04
0.2651,0.0442,5,191,127,0.45
0.3013,0.0437,5,119,34,0.07
0.2155,0.0434,5,175,62,-0.51
0.2487,0.0426,5,150,112,0.03
0.2375,0.0421,5,126,54,-0.16
0.259,0.0402,5,43,8,0
0.3338,0.0381,5,134,83,0.22
0.3011,0.0352,5,76,30,-0.2
0.2699,0.0318,5,110,108,-0.17
0.3824,0.0281,5,89,146,0.3
0.4551,0.0232,5,102,252,0.13
0.5179,0.0175,5,102,60,0.05
0.6123,0.0095,5,106,68,0
0.6847,0.0085,5,78,76,0.03
0.4098,0.0085,5,124,106,-0.24
0.2561,0.0079,5,85,45,-0.11
1.0658,0.0087,5,247,153,0.7
1.0331,0.01,5,111,45,0.06
0.6447,0.01,5,61,54,-0.37
0.5689,0.0099,5,67,24,-0.06
0.1681,0.01,5,115,61,-0.43
0.1445,0.0099,5,249,86,-0.06
0.1366,0.0105,5,150,91,-0.05
0.0837,0.0113,5,164,97,-0.12
0.1473,0.0119,5,97,59,0.04
0.1721,0.0124,5,154,247,0
0.0911,0.0133,5,299,115,-0.17
0.0453,0.0147,5,316,155,-0.15
0.0106,0.0163,5,251,61,-0.16
0.008,0.0182,5,86,10,-0.15
0.2507,0.0185,5,111,74,0.4
0.2393,0.0187,5,113,47,-0.07
0.2244,0.0189,5,115,41,-0.08
0.4022,0.0183,5,187,87,0.31
0.4546,0.0181,5,143,70,0.08
0.5968,0.0181,5,103,13,0.25
0.7871,0.0165,5,107,25,0.27
0.678,0.0138,5,57,34,-0.27
0.7699,0.0127,5,82,58,0.08
0.6585,0.0114,5,80,20,-0.19
0.5579,0.0112,5,83,26,-0.12
0.7563,0.0114,5,119,60,0.23
0.6565,0.0115,5,76,31,-0.11
0.572,0.0115,5,47,20,-0.09
0.6952,0.0117,5,143,54,0.15
0.5099,0.0117,5,53,17,-0.22
0.6269,0.0117,5,41,103,0.15
0.5713,0.0114,5,20,9,-0.05
0.6372,0.0105,5,60,32,0.1
0.5821,0.0085,5,38,27,-0.03
0.4807,0.008,5,90,144,-0.07
0.4682,0.0071,5,97,40,0.01
0.1633,0.0055,5,77,22,-0.15
0.4,0.0052,5,90,47,0.14
0.3481,0.005,5,57,15,-0.02
0.212,0.0051,5,70,37,-0.08
-0.0589,0.0044,5,60,91,-0.13
-0.089,0.0049,5,68,186,-0.07
-0.0183,0.005,5,87,46,0.01
-0.1191,0.006,5,84,78,-0.14
-0.0065,0.0068,5,87,20,0.01
-0.1389,0.0079,5,139,63,-0.2
0.0347,0.0086,5,134,104,0.08
-0.0903,0.0102,5,309,114,-0.24
-0.1519,0.0122,5,325,59,-0.26
0.0717,0.0132,5,138,84,0.2
0.102,0.0138,5,82,33,-0.03
0.0417,0.0149,5,87,46,-0.19
0.0331,0.0158,5,204,38,-0.12
0.0434,0.0166,5,463,195,-0.09
0.4729,0.016,5,338,169,0.69
0.5518,0.0152,5,181,38,0.1
0.8982,0.0158,5,211,90,0.56
1.0251,0.0171,5,130,158,0.28
0.8963,0.0176,5,87,53,-0.19
0.8142,0.0179,5,110,57,-0.13
0.9383,0.0194,5,88,24,0.31
0.7709,0.0199,5,83,126,-0.29
0.7965,0.0206,5,70,52,0.09
0.8045,0.0215,5,94,37,0.08
0.7995,0.0224,5,110,18,0.05
0.6504,0.0224,5,67,24,-0.3
0.6381,0.0225,5,49,14,0
0.6124,0.0222,5,45,33,-0.02
0.6567,0.0213,5,76,40,0.14
0.647,0.0207,5,36,8,0.02
0.5429,0.0197,5,133,170,-0.18
0.5199,0.0177,5,152,72,0
0.5304,0.0146,5,74,39,0.07
0.4176,0.0091,5,46,40,-0.06
0.3912,0.0072,5,75,87,0.03
0.2385,0.0053,5,86,29,-0.04
0.2551,0.0054,5,87,115,0
0.2723,0.0049,5,55,32,0
0.2941,0.0049,5,46,15,0
0.2496,0.005,5,37,96,-0.03
0.0085,0.0046,5,65,49,-0.13
0.0351,0.005,5,39,15,-0.02
-0.0058,0.0054,5,53,22,-0.06
0.0847,0.0053,5,89,50,0.03
-0.2282,0.0058,5,68,17,-0.24
0.087,0.0062,5,33,9,0.15
-0.0039,0.0069,5,64,25,-0.12
0.0851,0.0074,5,163,60,0.02
0.4423,0.0071,5,90,14,0.25
0.3821,0.0066,5,80,25,-0.06
0.3911,0.0065,5,38,29,0
0.3274,0.0064,5,50,23,-0.05
0.5213,0.0061,5,76,47,0.11
0.4048,0.0059,5,80,15,-0.08
0.372,0.0055,5,68,76,-0.03
0.4033,0.0052,5,85,41,0.01
0.423,0.0049,5,94,53,0
0.5817,0.0044,5,86,71,0.06
0.6628,0.0039,5,48,13,0.02
0.6638,0.0035,5,113,40,-0.02
-0.3344,0.0052,5,194,191,-0.52
0.3617,0.0052,5,95,38,0.36
1.0168,0.0059,5,126,82,0.39
0.4712,0.0058,5,68,22,-0.32
0.5637,0.0056,5,62,41,0.06
0.5342,0.0056,5,44,24,-0.01
0.4814,0.0054,5,33,3,-0.02
0.5254,0.0052,5,78,66,0.03
0.609,0.0052,5,68,103,0.04
0.8468,0.0054,5,70,29,0.14
0.6347,0.0055,5,75,73,-0.11
0.8999,0.0059,5,53,53,0.18
0.4886,0.0059,5,106,56,-0.25
0.3775,0.0059,5,74,69,-0.07
0.5817,0.0059,5,63,110,0.12
0.2012,0.0061,5,58,25,-0.24
0.9048,0.0066,5,105,46,0.47
0.9586,0.0073,5,109,24,0.08
0.6667,0.0073,5,84,22,-0.2
0.3756,0.0074,5,80,64,-0.22
0.2914,0.0058,5,34,21,-0.01
0.1931,0.0058,5,51,11,-0.06
0.2272,0.0057,5,35,34,0
0.2168,0.0058,5,41,116,-0.01
0.2376,0.006,5,48,43,0
0.0009,0.0067,5,44,12,-0.19
0.2839,0.0068,5,42,9,0.18
0.2614,0.007,5,39,6,-0.03
0.3781,0.007,5,52,11,0.07
0.7414,0.007,5,39,8,0.25
0.7033,0.007,5,36,8,-0.02
1.0472,0.0077,5,72,46,0.28
0.1207,0.0082,5,86,44,-0.74
0.408,0.0082,5,47,38,0.23
0.5169,0.0082,5,47,12,0.09
0.2275,0.0083,5,27,14,-0.24
0.2581,0.008,5,57,33,0.01
0.628,0.0071,5,31,20,0.27
0.6122,0.0068,5,16,14,-0.02
0.5718,0.0068,5,25,5,-0.03
0.5394,0.0068,5,41,20,-0.02
0.3629,0.0068,5,13,2,-0.12
0.2263,0.007,5,52,21,-0.11
0.6708,0.0071,5,90,40,0.32
0.3834,0.0071,5,63,29,-0.21
0.3715,0.0068,5,45,8,0
0.4009,0.0068,5,17,3,0.02
0.0354,0.0075,5,106,84,-0.29
0.0121,0.0083,5,54,47,-0.08
0.1865,0.0084,5,42,29,0.12
0.0667,0.0087,5,14,8,-0.15
-0.0184,0.0078,5,55,67,-0.08
0.0391,0.0085,5,49,12,0
0.001,0.0095,5,25,28,-0.11
0.0851,0.01,5,49,17,0.03
0.0956,0.0107,5,115,73,-0.05
0.2089,0.0111,5,80,22,0.09
0.0723,0.0115,5,72,25,-0.21
0.499,0.0109,5,107,35,0.47
0.3534,0.0104,5,43,10,-0.18
0.1336,0.0104,5,29,10,-0.27
0.0249,0.0111,5,83,13,-0.19
0.123,0.0116,5,81,17,0.06
0.1407,0.0108,5,90,56,0
0.0744,0.0108,5,75,21,-0.12
0.073,0.0107,5,90,18,-0.04
0.1341,0.0098,5,137,17,0.05
0.1776,0.0098,5,50,9,0.01
0.1577,0.0099,5,37,9,-0.06
0.0395,0.01,5,62,17,-0.17
0.0142,0.0107,5,161,31,-0.1
0.0818,0.0112,5,69,26,0.01
0.0588,0.0118,5,171,80,-0.1
-0.0885,0.0137,5,215,48,-0.34
-0.0314,0.0153,5,157,41,-0.07
-0.1709,0.0189,5,293,41,-0.55
-0.2338,0.0247,5,591,146,-0.67
-0.1762,0.0311,5,445,149,-0.43
-0.0029,0.0333,5,463,131,0.29
0.056,0.0351,5,121,25,-0.01
0.0674,0.0372,5,135,54,-0.18
0.111,0.0391,5,67,30,-0.03
0.0828,0.0411,5,67,17,-0.34
0.2954,0.0405,5,188,47,0.8
0.3154,0.0398,5,122,21,0
0.3638,0.0386,5,92,18,0.12
0.3976,0.0368,5,84,49,0.06
0.2311,0.0356,5,163,109,-0.71
0.3154,0.0333,5,80,56,0.23
0.2957,0.0312,5,79,102,-0.13
0.406,0.0284,5,114,65,0.28
0.4656,0.0247,5,65,21,0.1
0.6119,0.0204,5,86,55,0.24
0.7343,0.0172,5,96,57,0.13
0.8772,0.0138,5,34,15,0.08
0.5572,0.0122,5,47,18,-0.48
1.2523,0.0168,5,252,102,1.26
1.157,0.0205,5,115,39,0.17
0.8838,0.0217,5,93,38,-0.45
0.9768,0.024,5,111,144,0.38
0.8985,0.0252,5,59,95,-0.06
0.8623,0.0259,5,40,79,0.02
0.8011,0.0248,5,93,91,-0.09
0.8675,0.026,5,69,164,0.28
0.813,0.0268,5,72,121,-0.05
0.7248,0.0271,5,63,61,-0.17
0.6424,0.027,5,105,58,-0.18
0.6251,0.025,5,57,72,0.01
0.5535,0.0232,5,98,107,-0.13
0.2483,0.021,5,155,152,-0.62
0.1943,0.0199,5,107,33,-0.06
0.114,0.0195,5,64,50,-0.14
0.1027,0.02,5,102,142,-0.05
0.0572,0.0213,5,142,70,-0.17
0.1264,0.0224,5,106,55,0.09
0.1284,0.0223,5,62,93,0.01
0.2748,0.0225,5,141,138,0.28
0.3792,0.0219,5,172,95,0.2
0.4442,0.0219,5,80,76,0.13
0.6326,0.0213,5,132,84,0.39
0.5692,0.0207,5,60,31,-0.16
0.4311,0.02,5,81,36,-0.32
0.4785,0.0194,5,28,13,0.06
0.4699,0.0176,5,60,55,-0.06
0.4868,0.0158,5,62,41,-0.01
0.4128,0.0143,5,96,54,-0.15
0.3214,0.0133,5,39,40,-0.16
0.3355,0.012,5,79,18,0
0.3418,0.0109,5,50,41,-0.01
0.3465,0.0111,5,47,27,0
0.4491,0.0111,5,49,26,0.11
0.719,0.0111,5,47,35,0.32
0.4348,0.0108,5,54,20,-0.3
0.4318,0.01,5,69,84,0.02
0.8567,0.0098,5,153,83,0.46
0.8296,0.0095,5,119,31,0
0.7424,0.0095,5,70,118,-0.06
0.861,0.0101,5,26,6,0.15
0.7778,0.0104,5,58,44,-0.06
0.9448,0.0104,5,46,24,0.17
0.912,0.0108,5,64,104,-0.01
0.8164,0.0113,5,83,150,-0.07
0.7596,0.0116,5,69,121,-0.04
0.7549,0.012,5,70,66,0.02
0.5344,0.0119,5,105,65,-0.26
0.5398,0.0117,5,52,26,0.02
0.5889,0.0111,5,78,68,0.08
0.5347,0.0104,5,57,32,-0.04
0.3748,0.0094,5,41,44,-0.13
0.5865,0.0082,5,62,34,0.22
0.5711,0.0072,5,24,5,0.01
0.7203,0.0073,5,27,10,0.12
0.5173,0.006,5,44,28,-0.13
0.656,0.0044,5,42,10,0.09
0.1485,0.0046,5,24,14,-0.24
-0.0846,0.0055,5,48,23,-0.18
0.0508,0.006,5,51,25,0.04
-0.2251,0.0079,5,123,293,-0.34
-0.2363,0.0107,5,134,56,-0.26
-0.1066,0.0125,5,120,61,-0.02
-0.1474,0.015,5,97,23,-0.29
-0.014,0.0166,5,89,40,0.05
0.0253,0.0181,5,72,99,-0.07
0.0969,0.019,5,112,44,0.03
0.0729,0.0204,5,100,41,-0.17
0.2505,0.0207,5,166,126,0.31
0.2977,0.0206,5,35,7,0.05
0.3788,0.0203,5,98,45,0.13
0.6228,0.0201,5,66,22,0.49
0.6248,0.0194,5,72,30,-0.02
0.7072,0.0189,5,160,39,0.13
0.7629,0.018,5,106,28,0.07
0.8081,0.0176,5,173,64,0.06
0.8437,0.0171,5,68,18,0.03
0.8811,0.0175,5,82,68,0.09
0.7413,0.0176,5,96,110,-0.23
0.715,0.0176,5,81,30,-0.05
0.7499,0.0181,5,52,11,0.09
0.6894,0.0182,5,60,50,-0.08
0.6103,0.0181,5,51,10,-0.12
0.6162,0.0173,5,72,50,0.04
0.5595,0.0164,5,71,36,-0.07
0.4932,0.0151,5,69,23,-0.07
0.4385,0.0136,5,65,39,-0.04
0.5373,0.0108,5,130,75,0.17
0.7455,0.0093,5,84,41,0.23
0.8765,0.0076,5,67,26,0.11
0.8813,0.0061,5,85,19,-0.01
0.7556,0.0062,5,94,27,-0.06
0.8129,0.0063,5,58,95,0.06
0.0265,0.0069,5,161,64,-0.54
0.3175,0.007,5,94,82,0.19
0.423,0.007,5,57,61,0.07
0.3512,0.0069,5,61,31,-0.06
1.2233,0.0086,5,184,100,0.75
1.0889,0.0102,5,74,12,0.01
1.0288,0.0117,5,57,52,0.05
1.0366,0.0134,5,73,28,0.14
0.8297,0.014,5,109,46,-0.22
0.8041,0.0143,5,73,93,0.01
0.7129,0.0144,5,96,28,-0.1
0.8449,0.0148,5,67,99,0.25
0.9572,0.0155,5,162,40,0.26
1.0557,0.0169,5,113,23,0.31
0.9361,0.0177,5,59,14,-0.1
0.7757,0.0181,5,34,14,-0.23
0.7493,0.0184,5,84,13,0
0.7501,0.0187,5,73,35,0.05
0.7741,0.0189,5,70,60,0.1
0.5663,0.0185,5,97,16,-0.36
0.6076,0.0163,5,53,12,0.11
0.4941,0.0143,5,45,58,-0.14
0.5955,0.0123,5,38,22,0.17
0.3529,0.0089,5,58,46,-0.21
0.479,0.0086,5,51,36,0.12
0.4374,0.0084,5,63,22,-0.02
0.8261,0.0086,5,59,22,0.36
